S.No.,College,Role,City type,Previous CTC,Previous job changes,Graduation marks,Exp (Months),CTC
1,Tier 1,Manager,Non-Metro,55523.00,3.00,66.00,19.00,71406.58
2,Tier 2,Executive,Metro,57081.00,1.00,84.00,18.00,68005.87
3,Tier 2,Executive,Metro,60347.00,2.00,52.00,28.00,76764.02
4,Tier 3,Executive,Metro,49010.00,2.00,81.00,33.00,82092.39
5,Tier 3,Executive,Metro,57879.00,4.00,74.00,32.00,73878.10
6,Tier 2,Executive,Non-Metro,54340.00,4.00,73.00,31.00,59950.89
7,Tier 2,Executive,Non-Metro,60298.00,1.00,42.00,46.00,66602.34
8,Tier 3,Executive,Non-Metro,49944.00,2.00,56.00,37.00,57768.44
9,Tier 1,Executive,Metro,53124.00,4.00,40.00,37.00,70083.30
10,Tier 3,Executive,Non-Metro,51141.00,1.00,47.00,60.00,85648.48
11,Tier 1,Executive,Metro,49497.00,1.00,50.00,25.00,74914.15
12,Tier 2,Manager,Non-Metro,50197.00,2.00,66.00,62.00,85219.39
13,Tier 1,Executive,Metro,63234.00,4.00,73.00,23.00,82910.94
14,Tier 2,Executive,Non-Metro,60059.00,2.00,71.00,56.00,74350.08
15,Tier 2,Manager,Metro,66487.00,1.00,50.00,27.00,103595.83
16,Tier 1,Executive,Metro,49292.00,4.00,49.00,19.00,70729.63
17,Tier 1,Executive,Non-Metro,55400.00,4.00,48.00,52.00,70051.94
18,Tier 1,Executive,Metro,53089.00,2.00,72.00,23.00,69403.49
19,Tier 1,Executive,Metro,69345.00,3.00,79.00,56.00,84710.53
20,Tier 1,Manager,Metro,63508.00,1.00,48.00,30.00,95879.94
21,Tier 1,Executive,Non-Metro,60057.00,1.00,61.00,60.00,73487.13
22,Tier 1,Executive,Non-Metro,52402.00,3.00,35.00,30.00,61597.98
23,Tier 2,Executive,Metro,60180.00,2.00,68.00,18.00,63119.80
24,Tier 1,Manager,Non-Metro,53422.00,4.00,44.00,34.00,98586.83
25,Tier 3,Executive,Metro,49857.00,3.00,37.00,37.00,71502.56
26,Tier 2,Executive,Non-Metro,48682.00,3.00,82.00,59.00,64320.67
27,Tier 1,Executive,Non-Metro,48516.00,2.00,37.00,63.00,77310.22
28,Tier 3,Executive,Non-Metro,54363.00,3.00,44.00,55.00,74825.20
29,Tier 3,Executive,Metro,39636.00,3.00,43.00,23.00,59230.44
30,Tier 1,Manager,Metro,65172.00,1.00,44.00,31.00,107138.14
31,Tier 1,Manager,Metro,58529.00,1.00,65.00,22.00,102763.61
32,Tier 1,Executive,Non-Metro,50011.00,2.00,72.00,18.00,69764.49
33,Tier 1,Executive,Non-Metro,50020.00,4.00,75.00,19.00,59889.14
34,Tier 3,Executive,Metro,55764.00,2.00,64.00,63.00,82356.41
35,Tier 1,Manager,Metro,60894.00,4.00,80.00,28.00,118651.89
36,Tier 3,Executive,Metro,42259.00,4.00,37.00,19.00,66762.27
37,Tier 3,Executive,Non-Metro,59978.00,2.00,75.00,62.00,79454.74
38,Tier 1,Executive,Metro,47129.00,1.00,41.00,26.00,66079.85
39,Tier 1,Manager,Metro,57485.00,1.00,77.00,35.00,103774.34
40,Tier 1,Manager,Metro,62593.00,3.00,71.00,60.00,112716.44
41,Tier 1,Executive,Non-Metro,48913.00,3.00,41.00,24.00,62819.16
42,Tier 2,Executive,Non-Metro,66101.00,4.00,81.00,31.00,55470.55
43,Tier 2,Executive,Metro,49622.00,2.00,73.00,41.00,69510.05
44,Tier 2,Executive,Non-Metro,59386.00,4.00,46.00,37.00,68064.76
45,Tier 1,Executive,Metro,66050.00,1.00,35.00,38.00,69116.93
46,Tier 1,Executive,Metro,59492.00,1.00,69.00,55.00,86354.84
47,Tier 1,Executive,Non-Metro,61134.00,3.00,72.00,18.00,60456.69
48,Tier 3,Executive,Non-Metro,61956.00,4.00,54.00,28.00,71791.28
49,Tier 2,Executive,Non-Metro,46086.00,4.00,50.00,60.00,67626.89
50,Tier 2,Manager,Metro,61481.00,3.00,79.00,36.00,99794.40
51,Tier 1,Executive,Non-Metro,55727.00,3.00,79.00,18.00,70350.79
52,Tier 3,Executive,Non-Metro,61576.00,2.00,73.00,21.00,58818.77
53,Tier 1,Manager,Metro,57563.00,1.00,64.00,48.00,86487.58
54,Tier 2,Manager,Metro,58288.00,3.00,84.00,36.00,92378.50
55,Tier 3,Executive,Non-Metro,55282.00,3.00,60.00,40.00,73281.55
56,Tier 3,Manager,Metro,66624.00,1.00,63.00,58.00,110438.17
57,Tier 1,Executive,Non-Metro,59443.00,3.00,52.00,58.00,67485.10
58,Tier 2,Manager,Metro,51937.00,3.00,64.00,18.00,92518.37
59,Tier 2,Manager,Non-Metro,46477.00,3.00,37.00,53.00,72977.63
60,Tier 3,Executive,Non-Metro,62470.00,3.00,60.00,34.00,64770.75
61,Tier 1,Executive,Metro,51123.00,2.00,52.00,43.00,74845.87
62,Tier 2,Executive,Metro,56301.00,3.00,58.00,25.00,59913.31
63,Tier 3,Executive,Metro,46670.00,1.00,69.00,64.00,95961.18
64,Tier 3,Executive,Non-Metro,54375.00,2.00,82.00,28.00,60766.38
65,Tier 3,Manager,Non-Metro,45227.00,4.00,40.00,20.00,69193.96
66,Tier 1,Executive,Non-Metro,50787.00,4.00,81.00,19.00,66433.40
67,Tier 1,Executive,Non-Metro,62919.00,3.00,42.00,61.00,73410.95
68,Tier 3,Executive,Metro,51770.00,3.00,45.00,40.00,68447.63
69,Tier 2,Executive,Non-Metro,60123.00,1.00,47.00,40.00,60185.40
70,Tier 2,Manager,Metro,51002.00,4.00,41.00,28.00,76765.02
71,Tier 2,Manager,Non-Metro,46940.00,1.00,69.00,27.00,70157.03
72,Tier 1,Executive,Metro,49905.00,4.00,66.00,31.00,75297.34
73,Tier 1,Executive,Non-Metro,51505.00,2.00,55.00,53.00,76960.48
74,Tier 2,Executive,Metro,52474.00,3.00,79.00,58.00,76204.89
75,Tier 1,Executive,Metro,49172.00,2.00,57.00,44.00,63782.20
76,Tier 3,Executive,Metro,56916.00,3.00,42.00,57.00,69415.11
77,Tier 2,Executive,Non-Metro,59386.00,1.00,38.00,29.00,64472.36
78,Tier 2,Executive,Metro,55748.00,3.00,84.00,21.00,60815.42
79,Tier 1,Executive,Non-Metro,65574.00,2.00,83.00,22.00,55902.83
80,Tier 3,Executive,Non-Metro,58541.00,4.00,79.00,41.00,64468.29
81,Tier 1,Executive,Metro,50672.00,4.00,79.00,31.00,76093.36
82,Tier 1,Executive,Non-Metro,68071.00,1.00,70.00,45.00,81430.49
83,Tier 2,Manager,Metro,58815.00,4.00,71.00,22.00,106165.08
84,Tier 3,Executive,Non-Metro,62493.00,3.00,74.00,48.00,67374.71
85,Tier 1,Manager,Non-Metro,60182.00,4.00,59.00,37.00,103574.45
86,Tier 3,Manager,Metro,42941.00,1.00,49.00,45.00,74191.43
87,Tier 3,Manager,Non-Metro,55505.00,2.00,40.00,57.00,100887.85
88,Tier 1,Executive,Non-Metro,54114.00,3.00,82.00,56.00,78715.16
89,Tier 3,Executive,Non-Metro,57670.00,1.00,41.00,46.00,70686.71
90,Tier 3,Executive,Non-Metro,54361.00,2.00,68.00,55.00,73231.75
91,Tier 2,Executive,Non-Metro,67083.00,4.00,39.00,21.00,66296.73
92,Tier 3,Executive,Non-Metro,52483.00,2.00,65.00,53.00,71738.23
93,Tier 1,Manager,Metro,55581.00,4.00,49.00,59.00,99551.34
94,Tier 3,Executive,Metro,62243.00,1.00,41.00,35.00,75903.42
95,Tier 1,Manager,Non-Metro,59293.00,1.00,81.00,64.00,105308.78
96,Tier 2,Executive,Non-Metro,59707.00,3.00,70.00,28.00,56003.61
97,Tier 1,Executive,Non-Metro,57726.00,4.00,84.00,54.00,68673.29
98,Tier 2,Executive,Metro,58401.00,4.00,45.00,55.00,76028.50
99,Tier 1,Manager,Metro,41228.00,2.00,64.00,56.00,87418.05
100,Tier 1,Manager,Metro,40945.00,1.00,46.00,38.00,74984.02
101,Tier 1,Executive,Non-Metro,54794.00,4.00,47.00,41.00,66591.29
102,Tier 1,Executive,Metro,51692.00,2.00,57.00,30.00,72088.04
103,Tier 1,Executive,Non-Metro,52305.00,1.00,35.00,18.00,78521.17
104,Tier 2,Manager,Non-Metro,56680.00,4.00,63.00,61.00,85688.72
105,Tier 1,Executive,Non-Metro,52300.00,4.00,52.00,34.00,66657.86
106,Tier 3,Manager,Metro,56710.00,2.00,47.00,20.00,67879.02
107,Tier 1,Executive,Non-Metro,51351.00,1.00,69.00,19.00,60069.68
108,Tier 3,Executive,Metro,51022.00,2.00,55.00,26.00,67820.31
109,Tier 2,Executive,Metro,52096.00,3.00,37.00,29.00,65685.02
110,Tier 2,Manager,Metro,59099.00,2.00,67.00,63.00,103305.30
111,Tier 3,Executive,Metro,57677.00,4.00,77.00,54.00,76671.69
112,Tier 1,Executive,Non-Metro,59343.00,3.00,85.00,55.00,76577.99
113,Tier 1,Executive,Metro,54767.00,1.00,35.00,37.00,66693.98
114,Tier 3,Executive,Non-Metro,60869.00,1.00,77.00,21.00,60125.97
115,Tier 1,Executive,Metro,53949.00,4.00,81.00,52.00,80042.11
116,Tier 1,Executive,Metro,48707.00,4.00,77.00,60.00,97106.11
117,Tier 2,Executive,Metro,77911.00,1.00,50.00,58.00,87831.62
118,Tier 2,Manager,Non-Metro,54183.00,1.00,40.00,29.00,70630.95
119,Tier 2,Executive,Non-Metro,51099.00,3.00,71.00,49.00,67516.63
120,Tier 3,Executive,Non-Metro,51591.00,1.00,79.00,37.00,67573.29
121,Tier 1,Executive,Metro,61057.00,1.00,41.00,44.00,80714.79
122,Tier 1,Executive,Metro,48280.00,4.00,79.00,18.00,75430.51
123,Tier 3,Executive,Non-Metro,57606.00,4.00,78.00,20.00,54071.79
124,Tier 1,Manager,Metro,55440.00,4.00,72.00,44.00,112826.26
125,Tier 3,Executive,Non-Metro,54055.00,1.00,63.00,47.00,60944.33
126,Tier 1,Executive,Non-Metro,49862.00,3.00,82.00,26.00,65065.52
127,Tier 1,Manager,Non-Metro,56204.00,2.00,65.00,19.00,82667.77
128,Tier 1,Executive,Non-Metro,65161.00,2.00,41.00,52.00,82517.59
129,Tier 3,Manager,Non-Metro,42143.00,3.00,38.00,32.00,88208.37
130,Tier 1,Executive,Metro,57924.00,4.00,62.00,38.00,68023.41
131,Tier 1,Executive,Non-Metro,48755.00,2.00,69.00,59.00,73464.75
132,Tier 1,Executive,Non-Metro,50926.00,3.00,83.00,61.00,77222.00
133,Tier 1,Executive,Non-Metro,65158.00,3.00,67.00,53.00,67163.57
134,Tier 3,Executive,Metro,46073.00,4.00,73.00,19.00,59241.32
135,Tier 1,Executive,Non-Metro,53110.00,4.00,43.00,20.00,72322.79
136,Tier 2,Executive,Non-Metro,50180.00,1.00,41.00,22.00,55226.53
137,Tier 1,Executive,Metro,61124.00,3.00,64.00,19.00,73417.07
138,Tier 3,Executive,Metro,54583.00,3.00,82.00,22.00,63534.87
139,Tier 2,Executive,Non-Metro,52400.00,3.00,72.00,54.00,90774.04
140,Tier 1,Executive,Non-Metro,64264.00,1.00,51.00,22.00,77666.95
141,Tier 1,Executive,Metro,44197.00,3.00,52.00,34.00,95868.30
142,Tier 1,Executive,Metro,56273.00,1.00,75.00,26.00,74544.57
143,Tier 2,Manager,Metro,47481.00,4.00,42.00,34.00,77150.63
144,Tier 3,Executive,Metro,58053.00,1.00,53.00,29.00,86298.82
145,Tier 3,Manager,Metro,58071.00,4.00,76.00,30.00,74697.64
146,Tier 2,Executive,Non-Metro,66845.00,1.00,60.00,29.00,58695.65
147,Tier 3,Manager,Metro,60396.00,3.00,72.00,46.00,96190.72
148,Tier 2,Executive,Non-Metro,67056.00,3.00,55.00,51.00,63582.13
149,Tier 3,Executive,Non-Metro,63823.00,4.00,39.00,53.00,61586.14
150,Tier 1,Executive,Metro,49475.00,3.00,71.00,19.00,75037.68
151,Tier 3,Executive,Metro,50330.00,3.00,80.00,35.00,61282.09
152,Tier 2,Executive,Metro,57858.00,4.00,43.00,48.00,71522.23
153,Tier 1,Executive,Non-Metro,61627.00,3.00,58.00,32.00,74596.33
154,Tier 1,Manager,Non-Metro,49733.00,1.00,76.00,42.00,77168.22
155,Tier 1,Executive,Non-Metro,55308.00,2.00,36.00,40.00,75028.75
156,Tier 3,Executive,Metro,66048.00,4.00,80.00,44.00,76619.74
157,Tier 2,Manager,Metro,49405.00,1.00,63.00,48.00,75910.11
158,Tier 1,Manager,Metro,49810.00,1.00,47.00,18.00,73056.77
159,Tier 2,Manager,Metro,56330.00,4.00,46.00,30.00,94478.70
160,Tier 2,Executive,Non-Metro,56485.00,2.00,36.00,50.00,69960.25
161,Tier 3,Manager,Non-Metro,47053.00,2.00,46.00,42.00,67407.05
162,Tier 2,Manager,Non-Metro,64179.00,4.00,74.00,18.00,97119.39
163,Tier 1,Executive,Metro,60385.00,4.00,78.00,54.00,83984.48
164,Tier 1,Executive,Non-Metro,50963.00,2.00,45.00,32.00,76385.23
165,Tier 3,Executive,Metro,50024.00,1.00,77.00,37.00,66216.70
166,Tier 1,Executive,Metro,50334.00,2.00,36.00,47.00,82526.93
167,Tier 1,Executive,Non-Metro,61054.00,3.00,68.00,20.00,74459.25
168,Tier 3,Executive,Non-Metro,58629.00,3.00,39.00,32.00,62936.70
169,Tier 3,Executive,Non-Metro,52519.00,2.00,45.00,19.00,59425.89
170,Tier 1,Executive,Metro,46993.00,3.00,50.00,27.00,69437.63
171,Tier 2,Executive,Metro,67559.00,4.00,45.00,63.00,72083.49
172,Tier 1,Executive,Metro,55944.00,2.00,53.00,49.00,69163.36
173,Tier 1,Executive,Metro,38709.00,3.00,56.00,18.00,72747.12
174,Tier 1,Executive,Non-Metro,61130.00,3.00,58.00,35.00,66726.94
175,Tier 3,Executive,Non-Metro,54941.00,2.00,50.00,24.00,57067.63
176,Tier 1,Manager,Non-Metro,58639.00,2.00,46.00,63.00,109108.12
177,Tier 3,Executive,Metro,52098.00,2.00,84.00,38.00,73831.46
178,Tier 1,Executive,Metro,53618.00,2.00,52.00,54.00,79031.20
179,Tier 1,Executive,Non-Metro,57261.00,4.00,62.00,46.00,77631.46
180,Tier 1,Executive,Non-Metro,53158.00,4.00,66.00,41.00,78524.15
181,Tier 3,Executive,Metro,53511.00,1.00,84.00,58.00,70856.24
182,Tier 2,Executive,Non-Metro,58408.00,2.00,56.00,18.00,61042.81
183,Tier 1,Executive,Metro,46722.00,2.00,49.00,22.00,66407.61
184,Tier 3,Executive,Non-Metro,49331.00,1.00,78.00,44.00,71632.13
185,Tier 2,Executive,Metro,53717.00,2.00,41.00,44.00,78002.78
186,Tier 1,Manager,Metro,70258.00,4.00,38.00,36.00,115126.75
187,Tier 2,Executive,Non-Metro,53186.00,3.00,62.00,26.00,58559.16
188,Tier 1,Executive,Non-Metro,59273.00,1.00,80.00,30.00,62275.25
189,Tier 1,Executive,Non-Metro,59466.00,3.00,45.00,41.00,73749.44
190,Tier 3,Executive,Non-Metro,55639.00,1.00,40.00,29.00,55927.32
191,Tier 2,Executive,Metro,61138.00,3.00,68.00,61.00,67174.81
192,Tier 1,Executive,Non-Metro,47831.00,4.00,74.00,36.00,70249.63
193,Tier 2,Executive,Metro,51919.00,4.00,82.00,25.00,69896.22
194,Tier 3,Executive,Non-Metro,49310.00,1.00,47.00,56.00,68123.80
195,Tier 2,Executive,Metro,61973.00,1.00,51.00,18.00,56131.76
196,Tier 3,Executive,Metro,52475.00,3.00,39.00,19.00,63426.48
197,Tier 1,Executive,Non-Metro,62262.00,3.00,43.00,39.00,68762.60
198,Tier 2,Executive,Non-Metro,49159.00,3.00,57.00,45.00,65693.05
199,Tier 3,Executive,Non-Metro,44451.00,1.00,65.00,51.00,59721.74
200,Tier 1,Executive,Non-Metro,64873.00,3.00,48.00,64.00,85224.19
201,Tier 3,Executive,Non-Metro,55261.00,1.00,36.00,19.00,53356.72
202,Tier 2,Executive,Non-Metro,53405.00,1.00,46.00,48.00,67405.54
203,Tier 3,Executive,Non-Metro,48982.00,3.00,77.00,60.00,73639.06
204,Tier 2,Manager,Non-Metro,60286.00,1.00,73.00,27.00,91956.84
205,Tier 1,Executive,Metro,44712.00,2.00,49.00,46.00,76451.55
206,Tier 1,Executive,Non-Metro,49882.00,2.00,57.00,28.00,64100.13
207,Tier 2,Executive,Metro,46791.00,3.00,59.00,59.00,78379.79
208,Tier 1,Manager,Metro,52585.00,3.00,78.00,35.00,77592.94
209,Tier 1,Executive,Non-Metro,59130.00,1.00,79.00,63.00,70314.89
210,Tier 1,Executive,Metro,63061.00,4.00,36.00,40.00,72339.71
211,Tier 1,Executive,Metro,55293.00,4.00,39.00,20.00,75774.95
212,Tier 3,Executive,Metro,54222.00,4.00,40.00,40.00,71232.98
213,Tier 3,Executive,Metro,48720.00,3.00,66.00,24.00,61022.27
214,Tier 2,Executive,Non-Metro,49971.00,2.00,77.00,34.00,69437.41
215,Tier 1,Executive,Non-Metro,58774.00,4.00,70.00,45.00,73028.67
216,Tier 1,Executive,Non-Metro,59781.00,1.00,46.00,41.00,76811.45
217,Tier 3,Executive,Non-Metro,54690.00,3.00,71.00,53.00,65923.72
218,Tier 2,Executive,Metro,43494.00,1.00,60.00,27.00,68676.93
219,Tier 2,Executive,Non-Metro,54356.00,1.00,69.00,26.00,67766.33
220,Tier 2,Executive,Non-Metro,44261.00,4.00,64.00,24.00,75535.50
221,Tier 1,Executive,Non-Metro,61570.00,3.00,74.00,34.00,75762.91
222,Tier 1,Executive,Non-Metro,59600.00,3.00,52.00,53.00,75588.76
223,Tier 1,Executive,Metro,52971.00,2.00,56.00,32.00,70086.07
224,Tier 1,Manager,Metro,57963.00,2.00,60.00,19.00,96125.18
225,Tier 2,Manager,Metro,44781.00,2.00,75.00,42.00,80753.62
226,Tier 2,Executive,Metro,62903.00,4.00,82.00,55.00,71048.24
227,Tier 2,Executive,Metro,58282.00,4.00,78.00,28.00,71454.90
228,Tier 2,Executive,Non-Metro,66411.00,1.00,47.00,58.00,87222.87
229,Tier 1,Executive,Non-Metro,58109.00,4.00,44.00,41.00,75683.99
230,Tier 1,Executive,Metro,51572.00,4.00,35.00,47.00,78834.20
231,Tier 3,Executive,Non-Metro,63031.00,1.00,48.00,42.00,72943.91
232,Tier 2,Executive,Non-Metro,54081.00,1.00,42.00,59.00,66774.11
233,Tier 1,Executive,Non-Metro,45676.00,4.00,81.00,19.00,58845.40
234,Tier 1,Executive,Metro,52116.00,2.00,60.00,59.00,75689.83
235,Tier 3,Executive,Metro,46127.00,1.00,56.00,39.00,68623.41
236,Tier 2,Manager,Non-Metro,48343.00,3.00,78.00,40.00,68392.67
237,Tier 2,Executive,Non-Metro,56666.00,3.00,47.00,18.00,53730.63
238,Tier 2,Executive,Metro,67170.00,4.00,55.00,31.00,69913.11
239,Tier 3,Manager,Metro,51096.00,3.00,70.00,19.00,80820.27
240,Tier 2,Executive,Metro,64120.00,2.00,35.00,44.00,71001.53
241,Tier 1,Manager,Non-Metro,59001.00,2.00,81.00,23.00,89974.05
242,Tier 1,Executive,Non-Metro,45187.00,3.00,74.00,33.00,71161.34
243,Tier 1,Executive,Non-Metro,53027.00,4.00,69.00,55.00,106846.34
244,Tier 1,Executive,Metro,55858.00,4.00,47.00,40.00,77673.29
245,Tier 1,Manager,Non-Metro,49074.00,3.00,58.00,63.00,84287.39
246,Tier 3,Executive,Metro,54121.00,3.00,51.00,54.00,84320.29
247,Tier 2,Executive,Non-Metro,61285.00,3.00,44.00,60.00,77283.59
248,Tier 2,Executive,Metro,63140.00,1.00,44.00,24.00,68416.86
249,Tier 1,Executive,Metro,44907.00,1.00,60.00,19.00,70186.19
250,Tier 1,Executive,Metro,52054.00,2.00,67.00,29.00,73394.09
251,Tier 1,Manager,Metro,44353.00,3.00,75.00,18.00,70056.31
252,Tier 1,Manager,Non-Metro,54987.00,3.00,69.00,63.00,111873.30
253,Tier 2,Manager,Metro,54808.00,2.00,51.00,54.00,101785.04
254,Tier 1,Executive,Metro,58153.00,3.00,55.00,27.00,76298.90
255,Tier 1,Manager,Metro,51912.00,2.00,66.00,50.00,113141.14
256,Tier 1,Executive,Non-Metro,51735.00,1.00,67.00,55.00,71890.09
257,Tier 3,Manager,Metro,55928.00,4.00,75.00,56.00,108750.87
258,Tier 2,Executive,Non-Metro,61132.00,1.00,72.00,38.00,68120.03
259,Tier 3,Executive,Metro,47560.00,4.00,70.00,51.00,67760.38
260,Tier 3,Manager,Metro,53080.00,3.00,68.00,19.00,97151.38
261,Tier 1,Executive,Non-Metro,46136.00,1.00,73.00,58.00,81234.60
262,Tier 2,Manager,Non-Metro,54869.00,2.00,76.00,20.00,72296.79
263,Tier 1,Manager,Metro,53471.00,3.00,58.00,52.00,82735.40
264,Tier 3,Manager,Metro,66355.00,1.00,81.00,19.00,99815.96
265,Tier 2,Executive,Non-Metro,62836.00,4.00,41.00,53.00,72755.38
266,Tier 2,Manager,Metro,70468.00,2.00,38.00,46.00,111172.92
267,Tier 2,Manager,Metro,45743.00,4.00,45.00,40.00,80222.50
268,Tier 1,Executive,Non-Metro,54083.00,3.00,83.00,59.00,70531.82
269,Tier 1,Executive,Metro,50573.00,3.00,60.00,45.00,70207.24
270,Tier 1,Executive,Metro,46637.00,4.00,46.00,49.00,66843.75
271,Tier 2,Executive,Metro,50393.00,4.00,55.00,18.00,60213.58
272,Tier 1,Manager,Metro,63916.00,1.00,70.00,50.00,105334.50
273,Tier 3,Executive,Metro,62911.00,3.00,65.00,41.00,65659.69
274,Tier 1,Executive,Metro,56876.00,1.00,35.00,50.00,83092.16
275,Tier 3,Executive,Metro,54032.00,1.00,38.00,25.00,66571.17
276,Tier 1,Executive,Non-Metro,52888.00,4.00,76.00,47.00,78083.21
277,Tier 3,Executive,Metro,43457.00,1.00,74.00,19.00,62954.41
278,Tier 1,Executive,Non-Metro,51281.00,3.00,55.00,22.00,66298.70
279,Tier 2,Executive,Metro,54806.00,2.00,57.00,59.00,82475.16
280,Tier 2,Executive,Non-Metro,49646.00,1.00,59.00,51.00,74374.60
281,Tier 1,Manager,Non-Metro,52883.00,1.00,55.00,40.00,78949.12
282,Tier 1,Manager,Metro,68419.00,4.00,46.00,54.00,106418.32
283,Tier 1,Executive,Metro,50242.00,4.00,71.00,30.00,70060.23
284,Tier 1,Executive,Non-Metro,57133.00,3.00,72.00,55.00,77111.81
285,Tier 1,Executive,Non-Metro,52065.00,4.00,80.00,52.00,68439.79
286,Tier 2,Executive,Metro,53490.00,2.00,72.00,46.00,68607.86
287,Tier 1,Executive,Non-Metro,68539.00,3.00,51.00,46.00,76839.09
288,Tier 3,Executive,Non-Metro,48471.00,1.00,52.00,63.00,70363.67
289,Tier 1,Manager,Non-Metro,59759.00,4.00,67.00,59.00,104376.58
290,Tier 2,Executive,Metro,48380.00,2.00,76.00,52.00,83078.61
291,Tier 1,Executive,Non-Metro,56990.00,3.00,85.00,28.00,72326.83
292,Tier 1,Executive,Metro,51090.00,3.00,80.00,29.00,88238.24
293,Tier 2,Manager,Metro,74198.00,1.00,57.00,25.00,99644.51
294,Tier 2,Executive,Non-Metro,49883.00,2.00,83.00,22.00,60621.48
295,Tier 1,Executive,Metro,54757.00,1.00,70.00,25.00,81168.14
296,Tier 1,Executive,Metro,47031.00,1.00,77.00,18.00,69525.73
297,Tier 1,Manager,Metro,50737.00,3.00,59.00,19.00,80080.39
298,Tier 2,Manager,Metro,51867.00,3.00,71.00,47.00,82688.35
299,Tier 3,Manager,Metro,55886.00,1.00,59.00,31.00,96427.67
300,Tier 3,Executive,Non-Metro,58056.00,2.00,35.00,48.00,69477.19
301,Tier 1,Executive,Metro,53101.00,4.00,70.00,36.00,74538.40
302,Tier 1,Manager,Non-Metro,48782.00,4.00,48.00,53.00,79584.68
303,Tier 2,Executive,Non-Metro,61585.00,1.00,43.00,56.00,74831.10
304,Tier 2,Executive,Non-Metro,59979.00,4.00,75.00,28.00,58131.91
305,Tier 1,Executive,Non-Metro,63899.00,1.00,56.00,57.00,84743.00
306,Tier 3,Executive,Metro,54798.00,1.00,54.00,29.00,75534.40
307,Tier 1,Executive,Non-Metro,54744.00,4.00,78.00,28.00,81481.56
308,Tier 2,Executive,Non-Metro,58383.00,2.00,46.00,30.00,69300.19
309,Tier 1,Executive,Metro,58709.00,4.00,85.00,58.00,90313.75
310,Tier 3,Executive,Non-Metro,54126.00,2.00,43.00,41.00,73396.24
311,Tier 1,Executive,Metro,52976.00,4.00,50.00,50.00,70039.59
312,Tier 1,Executive,Non-Metro,50339.00,2.00,60.00,19.00,70424.37
313,Tier 2,Manager,Metro,61609.00,2.00,74.00,43.00,91694.57
314,Tier 2,Executive,Metro,63395.00,1.00,66.00,49.00,74782.68
315,Tier 1,Manager,Non-Metro,61270.00,2.00,73.00,27.00,102262.82
316,Tier 1,Executive,Metro,61862.00,4.00,51.00,52.00,79093.55
317,Tier 3,Executive,Metro,60695.00,1.00,62.00,50.00,70326.56
318,Tier 1,Executive,Metro,59922.00,3.00,42.00,54.00,86260.00
319,Tier 3,Executive,Non-Metro,53748.00,2.00,74.00,44.00,63434.77
320,Tier 1,Executive,Metro,62196.00,2.00,69.00,32.00,66943.01
321,Tier 3,Executive,Metro,52827.00,2.00,43.00,34.00,65127.58
322,Tier 1,Executive,Non-Metro,56003.00,1.00,68.00,26.00,79572.91
323,Tier 1,Manager,Metro,60107.00,3.00,40.00,34.00,108959.68
324,Tier 1,Executive,Metro,67292.00,3.00,46.00,57.00,75485.17
325,Tier 1,Executive,Metro,49605.00,4.00,58.00,29.00,66564.34
326,Tier 1,Executive,Metro,63647.00,3.00,50.00,40.00,77855.11
327,Tier 2,Executive,Non-Metro,48581.00,4.00,69.00,27.00,58157.33
328,Tier 3,Manager,Metro,63334.00,1.00,71.00,45.00,94904.92
329,Tier 1,Manager,Non-Metro,62264.00,2.00,52.00,64.00,114996.23
330,Tier 1,Executive,Metro,61180.00,1.00,53.00,52.00,84453.82
331,Tier 1,Manager,Non-Metro,63370.00,1.00,38.00,61.00,112185.30
332,Tier 3,Manager,Metro,52121.00,4.00,64.00,52.00,85433.78
333,Tier 3,Executive,Non-Metro,58782.00,4.00,81.00,61.00,71725.42
334,Tier 1,Executive,Non-Metro,52717.00,3.00,81.00,56.00,69686.43
335,Tier 1,Executive,Non-Metro,65291.00,2.00,51.00,43.00,87624.82
336,Tier 1,Executive,Metro,62820.00,3.00,62.00,64.00,75366.41
337,Tier 2,Executive,Metro,55219.00,3.00,36.00,60.00,69293.67
338,Tier 3,Executive,Metro,50637.00,4.00,81.00,62.00,72653.54
339,Tier 1,Manager,Metro,56777.00,3.00,72.00,50.00,101676.27
340,Tier 2,Executive,Non-Metro,48367.00,2.00,82.00,46.00,64602.94
341,Tier 1,Executive,Non-Metro,50440.00,4.00,49.00,24.00,84891.91
342,Tier 3,Executive,Metro,56640.00,4.00,59.00,62.00,80912.22
343,Tier 1,Executive,Non-Metro,52862.00,4.00,38.00,60.00,75668.60
344,Tier 1,Executive,Metro,66238.00,4.00,37.00,63.00,87865.95
345,Tier 2,Executive,Non-Metro,63067.00,2.00,41.00,49.00,72570.68
346,Tier 2,Executive,Non-Metro,50768.00,4.00,65.00,34.00,63243.71
347,Tier 2,Executive,Metro,62897.00,2.00,57.00,33.00,64127.09
348,Tier 1,Executive,Metro,56970.00,3.00,43.00,46.00,81291.41
349,Tier 2,Executive,Non-Metro,50145.00,2.00,57.00,36.00,58437.39
350,Tier 3,Executive,Metro,57744.00,3.00,71.00,19.00,68804.22
351,Tier 3,Executive,Non-Metro,50546.00,2.00,70.00,57.00,65555.15
352,Tier 1,Executive,Non-Metro,49630.00,3.00,39.00,50.00,78953.09
353,Tier 1,Executive,Non-Metro,49201.00,1.00,75.00,30.00,71665.52
354,Tier 1,Executive,Metro,59672.00,1.00,41.00,33.00,78716.54
355,Tier 2,Executive,Non-Metro,65360.00,4.00,85.00,18.00,67305.64
356,Tier 1,Executive,Metro,56630.00,4.00,78.00,46.00,91874.27
357,Tier 2,Executive,Metro,66225.00,2.00,52.00,46.00,68828.39
358,Tier 3,Executive,Metro,50905.00,1.00,51.00,47.00,71592.06
359,Tier 2,Executive,Metro,70139.00,3.00,57.00,23.00,69655.87
360,Tier 2,Executive,Non-Metro,50225.00,3.00,78.00,18.00,55965.32
361,Tier 1,Executive,Non-Metro,58491.00,1.00,82.00,48.00,77992.00
362,Tier 1,Executive,Metro,54429.00,3.00,73.00,35.00,67723.64
363,Tier 1,Manager,Non-Metro,48660.00,4.00,40.00,19.00,69552.90
364,Tier 1,Executive,Non-Metro,54944.00,4.00,52.00,21.00,71319.69
365,Tier 2,Executive,Non-Metro,45569.00,1.00,45.00,21.00,61314.49
366,Tier 1,Executive,Non-Metro,54688.00,3.00,72.00,49.00,77659.80
367,Tier 1,Executive,Non-Metro,55031.00,3.00,38.00,56.00,79567.50
368,Tier 3,Executive,Non-Metro,47800.00,3.00,51.00,42.00,64852.24
369,Tier 3,Executive,Metro,53525.00,3.00,76.00,44.00,76874.67
370,Tier 1,Executive,Metro,58158.00,4.00,52.00,18.00,74609.27
371,Tier 3,Executive,Non-Metro,45831.00,4.00,50.00,61.00,67830.32
372,Tier 1,Executive,Non-Metro,49068.00,3.00,38.00,57.00,76946.27
373,Tier 1,Executive,Non-Metro,59055.00,1.00,62.00,42.00,74170.88
374,Tier 1,Manager,Metro,56061.00,1.00,50.00,26.00,89914.73
375,Tier 2,Executive,Metro,54739.00,1.00,41.00,20.00,57101.04
376,Tier 3,Manager,Non-Metro,48909.00,1.00,63.00,23.00,72988.31
377,Tier 1,Manager,Non-Metro,53938.00,1.00,61.00,39.00,75465.42
378,Tier 2,Manager,Metro,64117.00,4.00,77.00,24.00,98229.46
379,Tier 3,Executive,Non-Metro,53523.00,1.00,61.00,64.00,75104.22
380,Tier 2,Executive,Metro,54533.00,1.00,68.00,62.00,94600.05
381,Tier 1,Manager,Non-Metro,41686.00,2.00,52.00,27.00,71243.97
382,Tier 1,Manager,Metro,52894.00,2.00,43.00,55.00,101285.30
383,Tier 2,Executive,Metro,54634.00,2.00,76.00,55.00,78275.87
384,Tier 2,Executive,Non-Metro,71502.00,4.00,49.00,35.00,74600.09
385,Tier 1,Executive,Metro,49626.00,3.00,59.00,44.00,72344.51
386,Tier 1,Executive,Metro,64324.00,4.00,74.00,19.00,71994.50
387,Tier 2,Executive,Non-Metro,62778.00,1.00,51.00,58.00,77589.36
388,Tier 3,Executive,Metro,52970.00,1.00,49.00,50.00,90017.28
389,Tier 3,Executive,Non-Metro,45893.00,4.00,75.00,26.00,65271.68
390,Tier 3,Executive,Non-Metro,50488.00,2.00,59.00,24.00,66640.89
391,Tier 1,Executive,Metro,60137.00,4.00,65.00,48.00,89189.31
392,Tier 3,Executive,Non-Metro,57816.00,4.00,66.00,19.00,59189.52
393,Tier 1,Executive,Metro,51943.00,1.00,62.00,48.00,69695.94
394,Tier 1,Executive,Metro,59544.00,3.00,51.00,49.00,70404.00
395,Tier 1,Executive,Non-Metro,61499.00,2.00,76.00,46.00,64944.99
396,Tier 3,Executive,Metro,41294.00,1.00,39.00,46.00,71733.25
397,Tier 1,Executive,Non-Metro,58538.00,1.00,75.00,43.00,76807.18
398,Tier 2,Executive,Metro,57406.00,2.00,61.00,21.00,84235.74
399,Tier 1,Executive,Metro,50528.00,1.00,68.00,64.00,74927.63
400,Tier 2,Executive,Non-Metro,61700.00,4.00,36.00,18.00,66204.58
401,Tier 1,Executive,Non-Metro,47270.00,1.00,51.00,51.00,68331.12
402,Tier 2,Executive,Metro,69065.00,1.00,76.00,47.00,80932.58
403,Tier 3,Executive,Non-Metro,60257.00,4.00,39.00,64.00,82519.16
404,Tier 3,Executive,Metro,61079.00,1.00,79.00,49.00,77040.51
405,Tier 1,Executive,Metro,42108.00,3.00,49.00,31.00,72612.42
406,Tier 1,Executive,Non-Metro,63977.00,4.00,63.00,52.00,84692.16
407,Tier 2,Executive,Non-Metro,45174.00,3.00,61.00,33.00,65377.42
408,Tier 1,Executive,Non-Metro,52699.00,3.00,69.00,47.00,69660.75
409,Tier 2,Executive,Metro,42512.00,2.00,80.00,38.00,69717.83
410,Tier 2,Executive,Metro,55176.00,3.00,75.00,32.00,57008.66
411,Tier 3,Executive,Metro,38605.00,1.00,38.00,19.00,69365.78
412,Tier 1,Manager,Non-Metro,46677.00,1.00,39.00,44.00,77774.74
413,Tier 1,Manager,Non-Metro,45778.00,1.00,71.00,26.00,79016.85
414,Tier 1,Executive,Metro,43939.00,2.00,39.00,25.00,74387.54
415,Tier 3,Executive,Non-Metro,56398.00,4.00,57.00,19.00,68191.78
416,Tier 2,Executive,Non-Metro,55835.00,2.00,42.00,43.00,60230.16
417,Tier 2,Executive,Metro,63076.00,2.00,76.00,52.00,73796.54
418,Tier 1,Manager,Non-Metro,42990.00,4.00,69.00,36.00,72310.20
419,Tier 2,Executive,Metro,65196.00,4.00,57.00,64.00,81015.32
420,Tier 3,Manager,Non-Metro,52971.00,3.00,38.00,63.00,81697.60
421,Tier 2,Manager,Metro,59430.00,4.00,54.00,64.00,104243.15
422,Tier 2,Manager,Metro,60711.00,1.00,65.00,61.00,101556.34
423,Tier 1,Manager,Metro,55375.00,1.00,68.00,40.00,106794.93
424,Tier 1,Executive,Metro,52454.00,4.00,73.00,25.00,71600.02
425,Tier 1,Executive,Metro,58185.00,3.00,83.00,48.00,81949.56
426,Tier 2,Executive,Metro,47925.00,1.00,36.00,45.00,73749.23
427,Tier 1,Executive,Non-Metro,47421.00,2.00,53.00,38.00,71375.68
428,Tier 1,Executive,Non-Metro,51533.00,3.00,61.00,18.00,72477.67
429,Tier 1,Executive,Non-Metro,36990.00,2.00,43.00,21.00,65008.02
430,Tier 3,Executive,Non-Metro,56116.00,1.00,67.00,27.00,84698.85
431,Tier 1,Executive,Metro,62878.00,2.00,47.00,19.00,97088.21
432,Tier 3,Executive,Non-Metro,42736.00,3.00,64.00,29.00,60591.81
433,Tier 1,Executive,Metro,55608.00,1.00,78.00,42.00,70832.23
434,Tier 1,Executive,Non-Metro,59842.00,4.00,46.00,60.00,71889.51
435,Tier 3,Executive,Metro,56444.00,3.00,45.00,31.00,73635.67
436,Tier 2,Executive,Metro,53316.00,1.00,48.00,60.00,70999.92
437,Tier 1,Executive,Metro,53856.00,2.00,75.00,22.00,66756.42
438,Tier 1,Executive,Metro,54873.00,2.00,58.00,35.00,72489.65
439,Tier 2,Executive,Non-Metro,68315.00,3.00,79.00,52.00,81832.10
440,Tier 1,Executive,Metro,52544.00,1.00,42.00,26.00,73939.42
441,Tier 3,Executive,Non-Metro,57189.00,3.00,47.00,31.00,66790.50
442,Tier 1,Manager,Non-Metro,57695.00,2.00,55.00,33.00,96600.42
443,Tier 2,Executive,Metro,68011.00,2.00,70.00,18.00,53020.32
444,Tier 2,Executive,Non-Metro,64691.00,2.00,44.00,59.00,80588.67
445,Tier 3,Manager,Metro,53910.00,3.00,75.00,56.00,90228.63
446,Tier 1,Executive,Non-Metro,60907.00,2.00,57.00,45.00,79263.09
447,Tier 1,Executive,Metro,54327.00,2.00,64.00,60.00,88561.51
448,Tier 3,Executive,Non-Metro,46538.00,1.00,53.00,56.00,62424.16
449,Tier 1,Executive,Non-Metro,52796.00,2.00,79.00,40.00,65442.63
450,Tier 1,Executive,Metro,64231.00,1.00,75.00,35.00,66671.19
451,Tier 1,Executive,Metro,59444.00,3.00,59.00,39.00,76341.13
452,Tier 3,Executive,Metro,49831.00,3.00,63.00,30.00,73782.54
453,Tier 1,Executive,Metro,45913.00,3.00,75.00,24.00,69436.17
454,Tier 3,Executive,Metro,52310.00,4.00,47.00,20.00,56862.74
455,Tier 2,Executive,Metro,69868.00,4.00,55.00,32.00,79427.58
456,Tier 1,Executive,Metro,60939.00,1.00,74.00,59.00,91681.45
457,Tier 2,Executive,Non-Metro,57469.00,3.00,45.00,55.00,77103.63
458,Tier 3,Executive,Non-Metro,52571.00,3.00,72.00,57.00,66313.95
459,Tier 1,Executive,Metro,67425.00,1.00,59.00,56.00,82675.11
460,Tier 2,Executive,Non-Metro,59817.00,1.00,78.00,40.00,67427.14
461,Tier 2,Executive,Non-Metro,65657.00,3.00,83.00,49.00,76090.01
462,Tier 1,Manager,Metro,50292.00,1.00,49.00,42.00,85106.53
463,Tier 1,Executive,Non-Metro,60081.00,2.00,41.00,62.00,75901.99
464,Tier 1,Executive,Metro,52897.00,4.00,49.00,56.00,82030.46
465,Tier 3,Executive,Metro,52642.00,1.00,84.00,19.00,63601.24
466,Tier 2,Manager,Non-Metro,50843.00,3.00,45.00,30.00,67351.02
467,Tier 1,Executive,Non-Metro,56192.00,2.00,50.00,60.00,81955.26
468,Tier 3,Executive,Non-Metro,58100.00,4.00,67.00,56.00,67700.67
469,Tier 1,Executive,Non-Metro,47928.00,3.00,83.00,28.00,92828.33
470,Tier 2,Executive,Non-Metro,50000.00,4.00,37.00,18.00,64431.37
471,Tier 2,Executive,Metro,59968.00,3.00,85.00,27.00,55221.36
472,Tier 1,Executive,Non-Metro,57102.00,3.00,49.00,18.00,66958.60
473,Tier 1,Executive,Non-Metro,51617.00,3.00,47.00,19.00,71871.01
474,Tier 1,Executive,Non-Metro,57304.00,2.00,85.00,47.00,93477.17
475,Tier 1,Manager,Metro,53736.00,4.00,45.00,54.00,79771.46
476,Tier 3,Manager,Metro,51073.00,2.00,45.00,61.00,86575.65
477,Tier 1,Manager,Metro,50138.00,3.00,70.00,24.00,95813.53
478,Tier 3,Executive,Metro,63654.00,2.00,56.00,25.00,75793.14
479,Tier 2,Executive,Metro,57408.00,1.00,83.00,21.00,56636.90
480,Tier 2,Executive,Metro,55569.00,4.00,69.00,23.00,65668.72
481,Tier 3,Executive,Metro,63988.00,2.00,79.00,63.00,80614.98
482,Tier 2,Executive,Metro,61721.00,2.00,45.00,49.00,70220.52
483,Tier 2,Executive,Non-Metro,59669.00,2.00,81.00,18.00,53921.11
484,Tier 1,Executive,Non-Metro,65851.00,2.00,60.00,51.00,75572.88
485,Tier 1,Executive,Metro,62411.00,4.00,42.00,48.00,77207.70
486,Tier 1,Executive,Non-Metro,55412.00,1.00,68.00,31.00,60710.06
487,Tier 3,Executive,Non-Metro,43715.00,1.00,78.00,54.00,75143.25
488,Tier 1,Executive,Metro,54231.00,1.00,62.00,19.00,76382.82
489,Tier 2,Manager,Non-Metro,64433.00,3.00,46.00,44.00,111735.76
490,Tier 3,Executive,Metro,55232.00,1.00,80.00,53.00,65540.32
491,Tier 1,Executive,Non-Metro,61583.00,3.00,52.00,19.00,67531.15
492,Tier 2,Executive,Non-Metro,46532.00,2.00,83.00,61.00,75598.32
493,Tier 1,Executive,Non-Metro,53540.00,1.00,67.00,18.00,69264.00
494,Tier 1,Executive,Metro,64566.00,3.00,81.00,61.00,89477.54
495,Tier 1,Manager,Metro,48681.00,4.00,81.00,21.00,82925.12
496,Tier 1,Executive,Metro,56554.00,1.00,74.00,20.00,76083.30
497,Tier 1,Executive,Non-Metro,51206.00,3.00,53.00,31.00,68596.74
498,Tier 1,Executive,Metro,52435.00,1.00,55.00,45.00,74170.13
499,Tier 2,Executive,Non-Metro,50155.00,4.00,39.00,44.00,59306.19
500,Tier 1,Executive,Non-Metro,64187.00,4.00,39.00,62.00,67432.59
501,Tier 1,Manager,Metro,59413.00,1.00,82.00,29.00,95450.98
502,Tier 1,Executive,Metro,46707.00,3.00,47.00,43.00,72730.05
503,Tier 2,Manager,Metro,47277.00,3.00,59.00,51.00,83631.77
504,Tier 2,Manager,Metro,58500.00,2.00,35.00,19.00,96401.16
505,Tier 2,Executive,Non-Metro,57730.00,3.00,77.00,38.00,64151.37
506,Tier 3,Executive,Metro,51923.00,2.00,62.00,37.00,78114.29
507,Tier 3,Executive,Metro,51612.00,2.00,37.00,22.00,60924.86
508,Tier 3,Executive,Metro,43980.00,3.00,77.00,21.00,71338.39
509,Tier 1,Executive,Non-Metro,45394.00,4.00,60.00,24.00,65139.49
510,Tier 1,Executive,Non-Metro,55176.00,4.00,35.00,57.00,69100.46
511,Tier 1,Executive,Metro,56245.00,2.00,45.00,56.00,86927.86
512,Tier 2,Executive,Metro,59043.00,2.00,49.00,27.00,69219.33
513,Tier 1,Executive,Metro,48766.00,4.00,37.00,51.00,73707.10
514,Tier 1,Executive,Metro,58626.00,4.00,61.00,19.00,76788.27
515,Tier 1,Manager,Metro,52001.00,2.00,49.00,39.00,85600.10
516,Tier 1,Executive,Metro,59352.00,4.00,43.00,58.00,85744.04
517,Tier 2,Executive,Metro,64052.00,3.00,52.00,20.00,91330.57
518,Tier 3,Executive,Metro,57344.00,4.00,38.00,45.00,68928.96
519,Tier 1,Executive,Non-Metro,54246.00,1.00,64.00,35.00,71387.98
520,Tier 1,Executive,Metro,51942.00,3.00,44.00,31.00,66988.10
521,Tier 1,Executive,Non-Metro,56726.00,2.00,58.00,50.00,92894.44
522,Tier 2,Executive,Non-Metro,67851.00,3.00,37.00,32.00,67278.35
523,Tier 1,Executive,Non-Metro,62959.00,3.00,49.00,51.00,79975.83
524,Tier 2,Executive,Non-Metro,60621.00,1.00,56.00,38.00,61501.14
525,Tier 2,Manager,Metro,53839.00,4.00,67.00,42.00,100719.01
526,Tier 2,Executive,Non-Metro,59229.00,3.00,85.00,18.00,61871.80
527,Tier 3,Executive,Non-Metro,54598.00,4.00,42.00,19.00,74819.09
528,Tier 1,Executive,Non-Metro,51247.00,4.00,73.00,51.00,71395.15
529,Tier 1,Executive,Metro,69245.00,1.00,46.00,46.00,76576.50
530,Tier 1,Executive,Metro,45520.00,2.00,75.00,18.00,59940.20
531,Tier 2,Manager,Metro,65606.00,1.00,35.00,57.00,101280.17
532,Tier 1,Executive,Non-Metro,59206.00,2.00,63.00,62.00,73927.15
533,Tier 2,Executive,Metro,50418.00,4.00,84.00,59.00,82172.24
534,Tier 2,Executive,Metro,62251.00,2.00,56.00,37.00,80040.49
535,Tier 2,Executive,Metro,67078.00,3.00,62.00,64.00,81452.04
536,Tier 1,Executive,Metro,56981.00,1.00,35.00,38.00,68630.86
537,Tier 1,Executive,Non-Metro,64976.00,2.00,68.00,33.00,79118.64
538,Tier 1,Executive,Non-Metro,59392.00,2.00,80.00,46.00,77197.29
539,Tier 2,Executive,Non-Metro,52617.00,1.00,75.00,46.00,70505.65
540,Tier 2,Executive,Metro,51484.00,3.00,51.00,53.00,87095.67
541,Tier 1,Executive,Non-Metro,62724.00,1.00,81.00,34.00,61484.31
542,Tier 2,Executive,Non-Metro,57844.00,2.00,42.00,20.00,65493.39
543,Tier 2,Executive,Non-Metro,58479.00,1.00,62.00,63.00,74974.14
544,Tier 2,Manager,Non-Metro,73856.00,1.00,75.00,54.00,121362.73
545,Tier 3,Executive,Metro,60126.00,1.00,44.00,54.00,66575.29
546,Tier 3,Manager,Metro,49947.00,2.00,56.00,49.00,85975.90
547,Tier 1,Executive,Metro,63402.00,1.00,44.00,28.00,67244.50
548,Tier 1,Executive,Non-Metro,66956.00,4.00,59.00,54.00,69163.02
549,Tier 1,Executive,Non-Metro,50975.00,2.00,65.00,25.00,63470.60
550,Tier 2,Manager,Non-Metro,70528.00,2.00,46.00,43.00,103308.60
551,Tier 1,Executive,Metro,58773.00,3.00,39.00,63.00,78733.50
552,Tier 2,Executive,Non-Metro,52160.00,3.00,40.00,32.00,59944.47
553,Tier 1,Executive,Metro,46289.00,4.00,85.00,62.00,80727.84
554,Tier 3,Executive,Non-Metro,60421.00,1.00,65.00,52.00,69957.72
555,Tier 1,Executive,Non-Metro,65688.00,1.00,48.00,25.00,86779.90
556,Tier 1,Executive,Metro,44223.00,1.00,73.00,28.00,60276.99
557,Tier 1,Executive,Metro,57888.00,1.00,79.00,46.00,69644.59
558,Tier 2,Executive,Metro,61457.00,2.00,37.00,34.00,62905.33
559,Tier 3,Manager,Non-Metro,55713.00,1.00,53.00,35.00,91461.53
560,Tier 3,Executive,Metro,56519.00,1.00,64.00,19.00,68107.12
561,Tier 3,Executive,Non-Metro,46264.00,3.00,52.00,46.00,59944.19
562,Tier 1,Executive,Non-Metro,61984.00,1.00,55.00,54.00,73132.19
563,Tier 1,Executive,Metro,53585.00,4.00,83.00,27.00,66902.35
564,Tier 2,Executive,Metro,69993.00,2.00,66.00,50.00,77519.72
565,Tier 2,Executive,Non-Metro,55083.00,4.00,78.00,18.00,64807.83
566,Tier 3,Executive,Non-Metro,54624.00,3.00,40.00,19.00,64539.46
567,Tier 3,Executive,Non-Metro,69272.00,1.00,52.00,38.00,74082.97
568,Tier 3,Executive,Metro,54790.00,3.00,37.00,41.00,74176.38
569,Tier 1,Executive,Non-Metro,55440.00,1.00,48.00,49.00,64550.69
570,Tier 3,Manager,Metro,64558.00,3.00,47.00,48.00,99734.64
571,Tier 1,Executive,Non-Metro,50385.00,4.00,67.00,31.00,70422.32
572,Tier 2,Executive,Non-Metro,61828.00,3.00,42.00,18.00,68584.06
573,Tier 2,Executive,Non-Metro,71543.00,4.00,82.00,30.00,61366.78
574,Tier 1,Executive,Non-Metro,60757.00,3.00,48.00,62.00,85245.01
575,Tier 1,Executive,Non-Metro,64225.00,4.00,43.00,57.00,80470.64
576,Tier 3,Executive,Non-Metro,55470.00,3.00,36.00,58.00,68557.78
577,Tier 2,Executive,Metro,47049.00,4.00,65.00,22.00,57010.86
578,Tier 1,Manager,Non-Metro,59101.00,3.00,56.00,31.00,113843.16
579,Tier 1,Executive,Metro,55453.00,3.00,67.00,52.00,71105.71
580,Tier 1,Executive,Non-Metro,44848.00,3.00,41.00,25.00,65897.67
581,Tier 1,Executive,Metro,48183.00,4.00,35.00,59.00,73716.85
582,Tier 3,Executive,Metro,52782.00,1.00,56.00,19.00,62989.38
583,Tier 2,Executive,Metro,69431.00,1.00,49.00,39.00,66323.22
584,Tier 2,Executive,Non-Metro,51589.00,4.00,41.00,32.00,78048.35
585,Tier 1,Executive,Metro,48860.00,4.00,67.00,19.00,65236.18
586,Tier 2,Executive,Non-Metro,50087.00,1.00,82.00,33.00,59009.52
587,Tier 1,Executive,Metro,49047.00,3.00,40.00,21.00,74563.83
588,Tier 3,Manager,Non-Metro,56231.00,1.00,74.00,34.00,92698.56
589,Tier 1,Executive,Non-Metro,61046.00,4.00,60.00,61.00,77981.88
590,Tier 2,Executive,Non-Metro,57851.00,1.00,79.00,38.00,61211.79
591,Tier 1,Executive,Non-Metro,57087.00,4.00,57.00,58.00,78324.59
592,Tier 3,Executive,Metro,48844.00,2.00,78.00,47.00,70576.11
593,Tier 2,Executive,Metro,51214.00,2.00,54.00,20.00,59565.94
594,Tier 1,Manager,Non-Metro,49750.00,4.00,70.00,21.00,65081.36
595,Tier 2,Executive,Metro,68145.00,3.00,84.00,41.00,64093.96
596,Tier 1,Executive,Non-Metro,55675.00,1.00,46.00,46.00,76864.52
597,Tier 2,Executive,Non-Metro,53388.00,2.00,61.00,42.00,70286.85
598,Tier 1,Executive,Non-Metro,57584.00,4.00,44.00,34.00,73572.32
599,Tier 1,Executive,Metro,56087.00,3.00,85.00,43.00,74611.23
600,Tier 3,Executive,Non-Metro,65165.00,1.00,79.00,52.00,100742.29
601,Tier 2,Executive,Non-Metro,61095.00,1.00,54.00,18.00,53472.60
602,Tier 3,Executive,Metro,55522.00,3.00,38.00,51.00,79954.36
603,Tier 1,Executive,Non-Metro,54823.00,2.00,64.00,56.00,78933.39
604,Tier 2,Executive,Non-Metro,62830.00,4.00,51.00,64.00,83153.13
605,Tier 3,Manager,Non-Metro,54550.00,1.00,53.00,19.00,73581.57
606,Tier 2,Executive,Non-Metro,54662.00,3.00,74.00,51.00,70751.48
607,Tier 1,Executive,Non-Metro,49239.00,4.00,45.00,27.00,63459.16
608,Tier 3,Manager,Non-Metro,53652.00,2.00,68.00,59.00,82182.86
609,Tier 1,Executive,Metro,50659.00,3.00,63.00,28.00,77372.88
610,Tier 1,Manager,Metro,59169.00,4.00,51.00,30.00,95875.83
611,Tier 2,Executive,Non-Metro,56043.00,1.00,44.00,47.00,62426.39
612,Tier 1,Executive,Non-Metro,59528.00,2.00,35.00,38.00,65621.21
613,Tier 1,Executive,Non-Metro,54324.00,2.00,74.00,18.00,65404.57
614,Tier 1,Executive,Non-Metro,40574.00,2.00,66.00,34.00,62314.99
615,Tier 2,Executive,Non-Metro,60511.00,4.00,56.00,20.00,55486.61
616,Tier 2,Manager,Non-Metro,61626.00,3.00,42.00,47.00,102099.91
617,Tier 1,Executive,Non-Metro,56704.00,4.00,73.00,56.00,77326.30
618,Tier 1,Manager,Metro,55507.00,3.00,68.00,49.00,81770.13
619,Tier 2,Manager,Non-Metro,63071.00,2.00,60.00,19.00,95369.35
620,Tier 1,Executive,Non-Metro,60356.00,4.00,51.00,55.00,77809.72
621,Tier 1,Executive,Metro,55650.00,4.00,75.00,30.00,62505.95
622,Tier 1,Manager,Metro,55291.00,3.00,56.00,37.00,102592.89
623,Tier 1,Executive,Non-Metro,50234.00,3.00,42.00,49.00,75835.34
624,Tier 1,Manager,Metro,57309.00,2.00,44.00,18.00,108840.13
625,Tier 3,Executive,Metro,49801.00,1.00,40.00,59.00,78467.44
626,Tier 3,Executive,Non-Metro,53160.00,1.00,46.00,29.00,62498.78
627,Tier 1,Executive,Metro,51698.00,1.00,67.00,36.00,82885.09
628,Tier 2,Executive,Metro,69671.00,3.00,36.00,33.00,67675.99
629,Tier 1,Executive,Metro,62309.00,4.00,61.00,58.00,87098.07
630,Tier 3,Manager,Non-Metro,62634.00,1.00,56.00,44.00,99438.63
631,Tier 1,Executive,Metro,64138.00,4.00,35.00,53.00,72864.74
632,Tier 1,Executive,Metro,51339.00,3.00,75.00,24.00,72905.05
633,Tier 2,Executive,Non-Metro,56337.00,3.00,78.00,29.00,69201.42
634,Tier 1,Executive,Metro,47655.00,2.00,80.00,40.00,76955.42
635,Tier 1,Executive,Metro,63372.00,3.00,43.00,51.00,82767.25
636,Tier 1,Executive,Metro,63512.00,3.00,43.00,64.00,85418.25
637,Tier 3,Executive,Non-Metro,47893.00,1.00,53.00,19.00,66799.89
638,Tier 1,Executive,Non-Metro,63895.00,1.00,80.00,35.00,83672.86
639,Tier 1,Manager,Metro,52623.00,1.00,47.00,39.00,80856.11
640,Tier 2,Executive,Metro,58616.00,4.00,38.00,56.00,70153.22
641,Tier 1,Executive,Metro,65363.00,3.00,79.00,33.00,73418.48
642,Tier 3,Manager,Metro,53149.00,1.00,71.00,42.00,84130.43
643,Tier 1,Executive,Metro,56350.00,4.00,37.00,61.00,83817.75
644,Tier 3,Executive,Non-Metro,57901.00,4.00,82.00,23.00,70462.30
645,Tier 2,Executive,Metro,56632.00,2.00,46.00,43.00,85006.88
646,Tier 1,Executive,Metro,53453.00,1.00,39.00,48.00,73023.46
647,Tier 3,Executive,Metro,53821.00,2.00,63.00,39.00,74467.30
648,Tier 1,Executive,Non-Metro,45986.00,4.00,55.00,40.00,73401.83
649,Tier 1,Executive,Metro,54357.00,3.00,54.00,18.00,77579.31
650,Tier 1,Executive,Non-Metro,61409.00,3.00,77.00,58.00,78989.16
651,Tier 2,Executive,Non-Metro,66330.00,4.00,44.00,49.00,68736.41
652,Tier 2,Executive,Non-Metro,64649.00,3.00,47.00,53.00,79999.26
653,Tier 2,Executive,Non-Metro,52136.00,4.00,77.00,48.00,63749.73
654,Tier 2,Executive,Non-Metro,60103.00,3.00,74.00,45.00,74810.66
655,Tier 2,Executive,Non-Metro,62521.00,1.00,70.00,59.00,77733.27
656,Tier 2,Manager,Non-Metro,49103.00,1.00,80.00,52.00,81128.88
657,Tier 1,Executive,Non-Metro,71328.00,1.00,65.00,26.00,77695.83
658,Tier 3,Executive,Metro,58953.00,4.00,46.00,27.00,64535.00
659,Tier 1,Executive,Non-Metro,59927.00,2.00,51.00,48.00,87640.58
660,Tier 1,Executive,Non-Metro,49840.00,3.00,37.00,57.00,69511.75
661,Tier 2,Executive,Metro,67431.00,3.00,46.00,37.00,66775.80
662,Tier 2,Executive,Non-Metro,45910.00,3.00,44.00,57.00,82368.08
663,Tier 1,Executive,Non-Metro,51683.00,3.00,55.00,32.00,62070.15
664,Tier 2,Executive,Metro,54298.00,4.00,44.00,18.00,69619.85
665,Tier 2,Manager,Non-Metro,49209.00,3.00,59.00,64.00,78320.21
666,Tier 2,Manager,Metro,62631.00,2.00,68.00,43.00,105727.87
667,Tier 1,Executive,Metro,55394.00,1.00,61.00,49.00,79057.81
668,Tier 3,Manager,Non-Metro,57876.00,2.00,39.00,40.00,99227.71
669,Tier 1,Manager,Metro,60476.00,1.00,85.00,62.00,113212.07
670,Tier 2,Executive,Non-Metro,53787.00,2.00,42.00,40.00,66886.63
671,Tier 2,Executive,Metro,59116.00,1.00,81.00,30.00,63752.00
672,Tier 1,Executive,Non-Metro,53671.00,2.00,65.00,29.00,68221.29
673,Tier 2,Executive,Metro,55289.00,2.00,75.00,36.00,60479.67
674,Tier 2,Executive,Non-Metro,52987.00,1.00,52.00,41.00,68586.40
675,Tier 2,Manager,Non-Metro,71473.00,4.00,84.00,44.00,92655.28
676,Tier 3,Executive,Metro,45893.00,3.00,70.00,45.00,66715.60
677,Tier 2,Executive,Non-Metro,63091.00,3.00,68.00,55.00,77143.39
678,Tier 3,Manager,Metro,56830.00,1.00,84.00,60.00,108471.68
679,Tier 1,Executive,Metro,64221.00,1.00,55.00,56.00,91904.17
680,Tier 3,Executive,Non-Metro,50761.00,2.00,62.00,49.00,72795.44
681,Tier 1,Executive,Non-Metro,44663.00,1.00,61.00,21.00,67584.07
682,Tier 1,Executive,Metro,47451.00,1.00,44.00,19.00,64086.37
683,Tier 1,Manager,Metro,60917.00,3.00,69.00,39.00,101886.28
684,Tier 3,Executive,Metro,47576.00,4.00,68.00,53.00,66654.11
685,Tier 1,Executive,Non-Metro,40632.00,2.00,61.00,33.00,71017.54
686,Tier 1,Executive,Metro,53942.00,1.00,44.00,53.00,79333.46
687,Tier 1,Executive,Metro,50105.00,4.00,74.00,42.00,76594.04
688,Tier 2,Executive,Metro,63562.00,3.00,41.00,40.00,79720.02
689,Tier 1,Executive,Non-Metro,49275.00,3.00,38.00,47.00,84809.17
690,Tier 2,Manager,Metro,52857.00,2.00,49.00,27.00,87581.33
691,Tier 1,Executive,Metro,52889.00,2.00,80.00,21.00,61991.12
692,Tier 1,Executive,Metro,63893.00,3.00,73.00,47.00,79299.74
693,Tier 3,Executive,Metro,58001.00,1.00,82.00,20.00,63021.18
694,Tier 3,Executive,Metro,48539.00,2.00,59.00,24.00,62387.28
695,Tier 1,Executive,Non-Metro,62261.00,4.00,39.00,27.00,59214.25
696,Tier 3,Executive,Non-Metro,66242.00,2.00,81.00,26.00,62441.32
697,Tier 1,Executive,Non-Metro,61262.00,2.00,82.00,53.00,91266.27
698,Tier 2,Manager,Metro,61930.00,1.00,76.00,41.00,96932.92
699,Tier 3,Executive,Metro,58204.00,2.00,82.00,56.00,69392.13
700,Tier 2,Executive,Non-Metro,66907.00,3.00,64.00,23.00,70599.91
701,Tier 2,Executive,Non-Metro,60810.00,4.00,57.00,21.00,62927.79
702,Tier 1,Executive,Non-Metro,71549.00,4.00,47.00,50.00,83116.21
703,Tier 2,Executive,Metro,63687.00,3.00,65.00,53.00,79063.48
704,Tier 3,Executive,Non-Metro,55575.00,2.00,76.00,34.00,66913.22
705,Tier 3,Executive,Non-Metro,51340.00,3.00,53.00,47.00,62978.36
706,Tier 1,Executive,Non-Metro,55989.00,1.00,61.00,33.00,73230.00
707,Tier 2,Manager,Non-Metro,61656.00,3.00,51.00,51.00,92299.77
708,Tier 3,Executive,Metro,53303.00,2.00,57.00,49.00,71335.91
709,Tier 1,Executive,Non-Metro,52308.00,4.00,46.00,31.00,75515.45
710,Tier 1,Executive,Non-Metro,50961.00,2.00,74.00,36.00,67015.80
711,Tier 2,Executive,Metro,64693.00,4.00,64.00,18.00,57202.89
712,Tier 2,Executive,Non-Metro,53444.00,3.00,49.00,50.00,73486.99
713,Tier 3,Executive,Non-Metro,50977.00,2.00,39.00,43.00,69543.95
714,Tier 1,Executive,Metro,64679.00,3.00,84.00,20.00,71605.72
715,Tier 1,Executive,Non-Metro,46192.00,1.00,45.00,24.00,61873.12
716,Tier 1,Executive,Metro,51157.00,1.00,74.00,60.00,86136.48
717,Tier 3,Executive,Non-Metro,50975.00,1.00,84.00,49.00,71254.94
718,Tier 3,Executive,Metro,44522.00,4.00,75.00,60.00,73051.32
719,Tier 3,Executive,Non-Metro,66466.00,4.00,82.00,51.00,67802.33
720,Tier 3,Executive,Non-Metro,57809.00,4.00,73.00,58.00,75308.28
721,Tier 1,Executive,Non-Metro,64865.00,3.00,37.00,51.00,68233.58
722,Tier 1,Executive,Metro,64419.00,3.00,54.00,53.00,76205.05
723,Tier 1,Executive,Metro,61665.00,4.00,85.00,62.00,77770.17
724,Tier 1,Executive,Metro,58401.00,4.00,48.00,19.00,65546.96
725,Tier 1,Executive,Non-Metro,56452.00,3.00,58.00,50.00,79834.42
726,Tier 2,Manager,Non-Metro,59079.00,4.00,83.00,30.00,89784.95
727,Tier 3,Executive,Metro,57178.00,1.00,49.00,41.00,62471.09
728,Tier 1,Manager,Non-Metro,43154.00,1.00,41.00,29.00,73960.70
729,Tier 1,Executive,Non-Metro,66113.00,4.00,78.00,18.00,62118.85
730,Tier 2,Executive,Non-Metro,61367.00,4.00,53.00,41.00,68783.96
731,Tier 2,Manager,Metro,50269.00,3.00,59.00,35.00,74956.52
732,Tier 1,Executive,Metro,49579.00,3.00,68.00,53.00,75501.92
733,Tier 1,Executive,Non-Metro,59535.00,1.00,74.00,24.00,66900.02
734,Tier 1,Executive,Non-Metro,50357.00,2.00,42.00,48.00,67920.60
735,Tier 1,Executive,Non-Metro,59413.00,1.00,66.00,59.00,84043.43
736,Tier 3,Executive,Non-Metro,62127.00,4.00,65.00,49.00,68574.13
737,Tier 2,Manager,Non-Metro,64762.00,1.00,63.00,37.00,89205.84
738,Tier 1,Executive,Metro,49361.00,3.00,82.00,26.00,77401.56
739,Tier 1,Manager,Metro,61256.00,2.00,65.00,23.00,107835.84
740,Tier 1,Manager,Metro,63258.00,2.00,57.00,29.00,110711.65
741,Tier 1,Executive,Metro,52271.00,3.00,77.00,45.00,76233.83
742,Tier 2,Manager,Metro,59081.00,3.00,62.00,27.00,65293.58
743,Tier 1,Manager,Metro,63947.00,4.00,50.00,53.00,104204.57
744,Tier 2,Executive,Non-Metro,47765.00,3.00,64.00,31.00,67385.21
745,Tier 3,Executive,Metro,56001.00,3.00,46.00,50.00,65581.33
746,Tier 3,Executive,Non-Metro,53097.00,4.00,75.00,50.00,59911.02
747,Tier 1,Executive,Metro,55213.00,2.00,55.00,34.00,82878.09
748,Tier 3,Executive,Metro,46248.00,4.00,38.00,19.00,57703.78
749,Tier 1,Executive,Non-Metro,64931.00,4.00,70.00,47.00,73093.09
750,Tier 3,Executive,Metro,52432.00,2.00,57.00,28.00,64475.07
751,Tier 2,Manager,Non-Metro,46681.00,1.00,64.00,37.00,69477.90
752,Tier 3,Executive,Metro,53992.00,3.00,72.00,21.00,63291.77
753,Tier 3,Executive,Metro,61431.00,4.00,45.00,64.00,82384.89
754,Tier 2,Executive,Non-Metro,43343.00,4.00,80.00,58.00,70164.12
755,Tier 1,Executive,Metro,55168.00,3.00,82.00,24.00,78091.05
756,Tier 1,Executive,Metro,57128.00,4.00,77.00,31.00,79414.18
757,Tier 1,Executive,Non-Metro,49004.00,2.00,73.00,39.00,75738.92
758,Tier 2,Manager,Non-Metro,55294.00,3.00,68.00,47.00,74594.62
759,Tier 1,Executive,Metro,60466.00,2.00,84.00,30.00,64052.01
760,Tier 2,Manager,Metro,68023.00,3.00,54.00,18.00,92851.94
761,Tier 1,Executive,Non-Metro,56831.00,2.00,47.00,22.00,59150.62
762,Tier 1,Executive,Metro,60909.00,3.00,67.00,23.00,68466.49
763,Tier 1,Manager,Metro,54744.00,4.00,62.00,33.00,85461.75
764,Tier 1,Executive,Metro,54660.00,3.00,43.00,27.00,75374.60
765,Tier 1,Executive,Non-Metro,55085.00,1.00,59.00,45.00,69720.35
766,Tier 3,Executive,Non-Metro,54021.00,3.00,60.00,57.00,74557.88
767,Tier 1,Executive,Metro,57988.00,3.00,67.00,47.00,80463.20
768,Tier 1,Executive,Non-Metro,53563.00,2.00,82.00,42.00,71950.15
769,Tier 1,Executive,Non-Metro,65041.00,3.00,35.00,64.00,79054.09
770,Tier 3,Executive,Non-Metro,49106.00,4.00,64.00,38.00,63268.59
771,Tier 1,Executive,Metro,60296.00,2.00,56.00,61.00,96256.60
772,Tier 1,Executive,Non-Metro,52516.00,2.00,55.00,53.00,68076.23
773,Tier 1,Executive,Non-Metro,62913.00,4.00,55.00,44.00,81307.63
774,Tier 3,Manager,Non-Metro,56259.00,2.00,37.00,19.00,76235.42
775,Tier 3,Executive,Metro,58635.00,2.00,76.00,41.00,64401.61
776,Tier 2,Executive,Metro,58393.00,2.00,54.00,51.00,81726.80
777,Tier 3,Executive,Metro,56343.00,3.00,58.00,40.00,75930.73
778,Tier 1,Executive,Metro,69103.00,3.00,61.00,45.00,81819.78
779,Tier 2,Executive,Metro,56302.00,2.00,78.00,35.00,62792.65
780,Tier 3,Executive,Metro,58682.00,4.00,56.00,53.00,73479.74
781,Tier 1,Manager,Metro,44755.00,4.00,79.00,30.00,73291.90
782,Tier 2,Executive,Metro,68087.00,2.00,48.00,18.00,66140.38
783,Tier 2,Executive,Metro,61111.00,3.00,67.00,51.00,71038.65
784,Tier 1,Manager,Non-Metro,53210.00,1.00,40.00,50.00,92436.86
785,Tier 2,Executive,Non-Metro,56411.00,2.00,56.00,31.00,62441.06
786,Tier 1,Executive,Non-Metro,49618.00,3.00,79.00,35.00,73044.66
787,Tier 1,Executive,Metro,59442.00,2.00,72.00,60.00,74787.18
788,Tier 3,Executive,Metro,61362.00,2.00,51.00,21.00,62090.11
789,Tier 1,Executive,Metro,42655.00,2.00,70.00,29.00,71426.63
790,Tier 2,Executive,Non-Metro,51003.00,4.00,74.00,62.00,76961.06
791,Tier 2,Executive,Non-Metro,62984.00,1.00,38.00,39.00,72415.05
792,Tier 1,Executive,Metro,55600.00,4.00,58.00,19.00,73330.78
793,Tier 1,Executive,Non-Metro,52226.00,2.00,61.00,22.00,64833.39
794,Tier 2,Manager,Metro,46979.00,1.00,66.00,53.00,75738.72
795,Tier 3,Executive,Non-Metro,59752.00,3.00,46.00,39.00,71427.16
796,Tier 3,Manager,Metro,49839.00,1.00,81.00,27.00,78089.72
797,Tier 2,Executive,Metro,68797.00,2.00,79.00,30.00,71340.34
798,Tier 1,Executive,Non-Metro,50705.00,3.00,52.00,30.00,62955.46
799,Tier 1,Executive,Non-Metro,55987.00,4.00,50.00,58.00,69343.89
800,Tier 1,Manager,Metro,51256.00,4.00,75.00,33.00,73503.98
801,Tier 2,Executive,Non-Metro,51639.00,1.00,69.00,42.00,60460.07
802,Tier 2,Executive,Non-Metro,59523.00,2.00,55.00,64.00,73467.46
803,Tier 1,Executive,Metro,46380.00,1.00,62.00,21.00,70752.08
804,Tier 2,Manager,Non-Metro,71123.00,4.00,57.00,18.00,100497.31
805,Tier 2,Executive,Metro,48611.00,4.00,61.00,23.00,70232.90
806,Tier 3,Executive,Non-Metro,57328.00,4.00,65.00,45.00,60284.58
807,Tier 3,Executive,Non-Metro,63521.00,4.00,82.00,40.00,82780.39
808,Tier 3,Executive,Non-Metro,57604.00,3.00,82.00,19.00,65275.62
809,Tier 2,Executive,Metro,59305.00,4.00,78.00,18.00,74275.10
810,Tier 1,Executive,Metro,47312.00,4.00,75.00,25.00,71026.40
811,Tier 1,Executive,Non-Metro,54513.00,3.00,82.00,46.00,80991.21
812,Tier 3,Executive,Non-Metro,63523.00,3.00,45.00,33.00,58048.12
813,Tier 2,Executive,Metro,48852.00,1.00,76.00,54.00,68903.48
814,Tier 1,Executive,Metro,44096.00,3.00,60.00,28.00,79412.82
815,Tier 2,Executive,Metro,58892.00,2.00,79.00,36.00,65165.86
816,Tier 2,Executive,Non-Metro,54118.00,2.00,50.00,20.00,56178.11
817,Tier 3,Executive,Non-Metro,44960.00,4.00,42.00,24.00,61624.90
818,Tier 1,Executive,Metro,58422.00,2.00,54.00,23.00,75585.98
819,Tier 1,Manager,Non-Metro,49329.00,4.00,46.00,47.00,85420.69
820,Tier 3,Manager,Non-Metro,59455.00,4.00,43.00,33.00,112797.03
821,Tier 1,Executive,Metro,62637.00,2.00,65.00,45.00,69816.63
822,Tier 3,Executive,Metro,45637.00,4.00,37.00,26.00,70626.09
823,Tier 2,Executive,Non-Metro,59481.00,4.00,77.00,18.00,64189.89
824,Tier 2,Executive,Non-Metro,57100.00,2.00,54.00,44.00,65875.31
825,Tier 3,Executive,Metro,49702.00,2.00,85.00,60.00,76284.19
826,Tier 1,Executive,Non-Metro,54415.00,3.00,75.00,64.00,73791.08
827,Tier 2,Manager,Metro,52110.00,1.00,67.00,56.00,98530.39
828,Tier 1,Manager,Metro,49570.00,4.00,72.00,36.00,83977.24
829,Tier 1,Manager,Metro,60301.00,3.00,66.00,41.00,100861.51
830,Tier 3,Executive,Metro,43612.00,3.00,48.00,39.00,71010.86
831,Tier 1,Executive,Metro,59933.00,3.00,77.00,63.00,80641.20
832,Tier 3,Executive,Non-Metro,53563.00,3.00,69.00,36.00,55882.26
833,Tier 3,Executive,Non-Metro,50705.00,3.00,74.00,28.00,55436.85
834,Tier 3,Executive,Metro,56493.00,1.00,73.00,58.00,74613.30
835,Tier 3,Executive,Metro,61040.00,3.00,54.00,36.00,78423.94
836,Tier 2,Executive,Metro,58049.00,2.00,51.00,42.00,65084.43
837,Tier 1,Executive,Metro,54506.00,2.00,65.00,36.00,68699.58
838,Tier 1,Executive,Non-Metro,55502.00,1.00,47.00,56.00,81558.03
839,Tier 1,Executive,Non-Metro,43496.00,1.00,57.00,35.00,59786.34
840,Tier 3,Executive,Non-Metro,55109.00,2.00,68.00,59.00,62624.16
841,Tier 1,Executive,Metro,52417.00,3.00,73.00,21.00,72336.45
842,Tier 1,Executive,Metro,48990.00,4.00,83.00,59.00,79310.37
843,Tier 2,Manager,Non-Metro,62458.00,2.00,66.00,23.00,84342.95
844,Tier 2,Manager,Non-Metro,50520.00,1.00,80.00,57.00,77117.50
845,Tier 1,Executive,Metro,59420.00,2.00,46.00,53.00,76789.76
846,Tier 2,Manager,Non-Metro,62279.00,1.00,84.00,60.00,105013.72
847,Tier 1,Executive,Non-Metro,63285.00,2.00,62.00,51.00,86109.93
848,Tier 2,Executive,Metro,71756.00,4.00,67.00,23.00,72141.43
849,Tier 1,Executive,Non-Metro,44682.00,4.00,44.00,27.00,62625.75
850,Tier 3,Executive,Metro,57576.00,2.00,43.00,55.00,79029.75
851,Tier 1,Manager,Non-Metro,58364.00,2.00,74.00,37.00,94112.48
852,Tier 3,Executive,Metro,58625.00,1.00,63.00,61.00,85704.69
853,Tier 1,Manager,Non-Metro,60754.00,2.00,65.00,46.00,110450.43
854,Tier 1,Executive,Non-Metro,52462.00,3.00,57.00,53.00,74631.46
855,Tier 1,Manager,Non-Metro,52402.00,3.00,65.00,49.00,74672.78
856,Tier 1,Executive,Non-Metro,53334.00,1.00,77.00,20.00,72656.08
857,Tier 2,Manager,Non-Metro,62455.00,4.00,60.00,48.00,102188.48
858,Tier 3,Manager,Metro,52388.00,2.00,40.00,25.00,81777.60
859,Tier 2,Executive,Non-Metro,52322.00,1.00,49.00,25.00,76563.41
860,Tier 1,Executive,Metro,52235.00,3.00,36.00,57.00,87812.20
861,Tier 1,Manager,Non-Metro,75785.00,4.00,63.00,37.00,110338.25
862,Tier 1,Executive,Non-Metro,49974.00,2.00,77.00,38.00,60572.12
863,Tier 3,Executive,Non-Metro,56950.00,4.00,44.00,55.00,64365.88
864,Tier 1,Executive,Non-Metro,45321.00,1.00,65.00,36.00,64269.18
865,Tier 1,Executive,Metro,47794.00,2.00,50.00,51.00,70541.87
866,Tier 1,Executive,Metro,53920.00,2.00,60.00,40.00,73208.38
867,Tier 2,Executive,Metro,62728.00,4.00,71.00,18.00,65436.75
868,Tier 1,Executive,Metro,65633.00,3.00,56.00,57.00,73353.22
869,Tier 1,Executive,Metro,47254.00,4.00,83.00,61.00,83867.16
870,Tier 1,Executive,Non-Metro,44699.00,3.00,75.00,25.00,57799.66
871,Tier 1,Executive,Metro,59813.00,1.00,79.00,50.00,82305.51
872,Tier 2,Executive,Non-Metro,54051.00,2.00,40.00,26.00,65478.95
873,Tier 2,Executive,Metro,47027.00,3.00,71.00,42.00,74077.19
874,Tier 1,Executive,Metro,50329.00,4.00,64.00,43.00,70299.70
875,Tier 1,Executive,Metro,42581.00,4.00,62.00,44.00,75358.79
876,Tier 3,Executive,Non-Metro,55895.00,4.00,40.00,23.00,61970.76
877,Tier 1,Executive,Non-Metro,49123.00,4.00,53.00,49.00,93648.47
878,Tier 2,Executive,Metro,62570.00,3.00,61.00,33.00,76271.87
879,Tier 1,Executive,Metro,58546.00,4.00,56.00,41.00,79412.09
880,Tier 1,Executive,Non-Metro,56740.00,1.00,49.00,37.00,76894.94
881,Tier 1,Executive,Metro,54979.00,4.00,72.00,22.00,65489.23
882,Tier 3,Executive,Metro,47472.00,2.00,77.00,23.00,60817.97
883,Tier 1,Executive,Non-Metro,44468.00,2.00,85.00,21.00,69857.81
884,Tier 1,Manager,Non-Metro,64930.00,1.00,66.00,51.00,114939.65
885,Tier 3,Executive,Metro,54374.00,3.00,46.00,25.00,70244.25
886,Tier 2,Manager,Metro,56541.00,2.00,55.00,32.00,83707.39
887,Tier 1,Manager,Metro,57679.00,4.00,70.00,57.00,87477.23
888,Tier 3,Executive,Non-Metro,54712.00,1.00,49.00,36.00,64010.16
889,Tier 1,Executive,Metro,63180.00,2.00,63.00,22.00,82469.16
890,Tier 3,Executive,Metro,60270.00,4.00,69.00,57.00,70126.63
891,Tier 3,Manager,Non-Metro,47495.00,4.00,38.00,64.00,80020.81
892,Tier 2,Executive,Non-Metro,55139.00,3.00,45.00,36.00,72854.07
893,Tier 1,Executive,Metro,51735.00,3.00,61.00,54.00,66678.16
894,Tier 2,Manager,Metro,61650.00,3.00,51.00,47.00,106083.08
895,Tier 1,Executive,Metro,58586.00,3.00,39.00,62.00,75871.39
896,Tier 1,Executive,Non-Metro,66002.00,1.00,83.00,61.00,74820.02
897,Tier 1,Manager,Non-Metro,47266.00,1.00,61.00,43.00,84114.74
898,Tier 3,Executive,Metro,47405.00,2.00,55.00,19.00,68346.92
899,Tier 2,Executive,Non-Metro,64420.00,3.00,65.00,18.00,58213.89
900,Tier 3,Executive,Non-Metro,43863.00,2.00,72.00,19.00,61926.91
901,Tier 1,Executive,Metro,43788.00,4.00,85.00,49.00,67487.61
902,Tier 2,Manager,Metro,63425.00,4.00,38.00,60.00,101535.38
903,Tier 1,Executive,Metro,54728.00,3.00,37.00,26.00,63450.60
904,Tier 2,Executive,Metro,57972.00,3.00,41.00,49.00,72940.89
905,Tier 1,Executive,Non-Metro,63978.00,3.00,46.00,60.00,82356.56
906,Tier 1,Executive,Non-Metro,57607.00,4.00,65.00,26.00,67500.35
907,Tier 1,Executive,Metro,60357.00,3.00,36.00,27.00,72642.89
908,Tier 2,Executive,Non-Metro,57009.00,3.00,51.00,44.00,70973.39
909,Tier 1,Executive,Metro,65649.00,3.00,42.00,63.00,84786.24
910,Tier 1,Manager,Non-Metro,47419.00,2.00,50.00,32.00,77614.88
911,Tier 3,Executive,Metro,55922.00,2.00,77.00,22.00,71337.37
912,Tier 1,Manager,Metro,61427.00,2.00,41.00,18.00,87870.75
913,Tier 3,Executive,Non-Metro,55640.00,3.00,42.00,59.00,70233.93
914,Tier 1,Executive,Non-Metro,55241.00,4.00,79.00,44.00,76125.83
915,Tier 3,Executive,Metro,48676.00,1.00,58.00,33.00,61726.27
916,Tier 2,Executive,Non-Metro,58164.00,4.00,53.00,24.00,64801.96
917,Tier 3,Manager,Non-Metro,56740.00,4.00,77.00,43.00,78680.21
918,Tier 1,Manager,Metro,45505.00,3.00,57.00,45.00,99918.30
919,Tier 1,Executive,Non-Metro,48360.00,3.00,41.00,61.00,74265.40
920,Tier 2,Executive,Non-Metro,55929.00,1.00,80.00,35.00,59047.34
921,Tier 1,Executive,Non-Metro,53493.00,4.00,53.00,62.00,80458.58
922,Tier 1,Executive,Non-Metro,61004.00,1.00,35.00,62.00,80531.42
923,Tier 1,Executive,Metro,56939.00,3.00,75.00,38.00,75515.74
924,Tier 3,Executive,Metro,57954.00,1.00,71.00,34.00,68438.25
925,Tier 1,Executive,Metro,49897.00,4.00,51.00,43.00,70647.33
926,Tier 1,Executive,Metro,58645.00,3.00,41.00,50.00,98335.39
927,Tier 1,Executive,Non-Metro,50229.00,2.00,41.00,19.00,67718.50
928,Tier 1,Executive,Non-Metro,45588.00,2.00,81.00,57.00,66422.09
929,Tier 2,Executive,Non-Metro,66693.00,1.00,76.00,62.00,66501.14
930,Tier 2,Executive,Metro,62665.00,4.00,37.00,41.00,78535.73
931,Tier 2,Executive,Metro,69083.00,2.00,83.00,26.00,76813.50
932,Tier 1,Executive,Non-Metro,54377.00,3.00,62.00,39.00,68986.80
933,Tier 1,Executive,Metro,55776.00,3.00,82.00,46.00,81036.78
934,Tier 1,Executive,Non-Metro,64803.00,4.00,41.00,45.00,77615.87
935,Tier 2,Executive,Metro,63553.00,2.00,44.00,32.00,74583.85
936,Tier 1,Executive,Non-Metro,50259.00,3.00,51.00,59.00,64959.88
937,Tier 1,Executive,Metro,54908.00,4.00,73.00,44.00,94707.74
938,Tier 3,Executive,Non-Metro,45698.00,1.00,78.00,39.00,67433.00
939,Tier 2,Executive,Metro,49782.00,4.00,52.00,18.00,68119.11
940,Tier 2,Executive,Metro,57965.00,2.00,55.00,53.00,63691.22
941,Tier 2,Executive,Metro,47177.00,4.00,82.00,18.00,59812.41
942,Tier 2,Executive,Non-Metro,72319.00,1.00,51.00,50.00,63538.43
943,Tier 1,Executive,Non-Metro,67969.00,2.00,40.00,18.00,77435.20
944,Tier 3,Executive,Metro,45487.00,3.00,37.00,19.00,68015.59
945,Tier 2,Executive,Metro,64010.00,1.00,46.00,62.00,78249.35
946,Tier 1,Executive,Non-Metro,59227.00,2.00,47.00,56.00,76488.51
947,Tier 1,Executive,Metro,56738.00,3.00,49.00,42.00,68689.90
948,Tier 1,Manager,Metro,62898.00,3.00,60.00,37.00,112310.50
949,Tier 3,Executive,Metro,59175.00,2.00,82.00,42.00,71663.53
950,Tier 1,Manager,Metro,57608.00,2.00,49.00,25.00,78713.91
951,Tier 1,Executive,Metro,42804.00,2.00,37.00,57.00,74893.91
952,Tier 2,Manager,Metro,65482.00,3.00,39.00,51.00,106633.64
953,Tier 3,Executive,Non-Metro,57042.00,4.00,42.00,30.00,60644.12
954,Tier 1,Manager,Metro,56350.00,2.00,74.00,44.00,104154.81
955,Tier 3,Manager,Metro,50451.00,1.00,56.00,34.00,74128.76
956,Tier 2,Executive,Metro,62759.00,3.00,37.00,31.00,69951.41
957,Tier 2,Manager,Metro,59683.00,1.00,81.00,54.00,97523.10
958,Tier 3,Executive,Metro,47381.00,1.00,48.00,24.00,73987.04
959,Tier 1,Manager,Metro,63504.00,4.00,84.00,43.00,105528.87
960,Tier 3,Executive,Metro,57127.00,4.00,61.00,48.00,99276.61
961,Tier 3,Executive,Non-Metro,64290.00,1.00,66.00,19.00,60547.58
962,Tier 1,Executive,Non-Metro,54212.00,4.00,38.00,29.00,68571.40
963,Tier 2,Executive,Non-Metro,59576.00,1.00,62.00,63.00,69043.09
964,Tier 1,Executive,Metro,48175.00,3.00,49.00,46.00,77795.84
965,Tier 3,Executive,Metro,63797.00,2.00,37.00,52.00,86647.26
966,Tier 1,Executive,Metro,48682.00,1.00,85.00,35.00,63554.03
967,Tier 3,Manager,Metro,46558.00,3.00,80.00,51.00,80430.97
968,Tier 3,Executive,Metro,48690.00,2.00,72.00,44.00,72842.01
969,Tier 1,Executive,Metro,54340.00,2.00,53.00,21.00,65228.80
970,Tier 2,Executive,Non-Metro,63711.00,1.00,73.00,39.00,65032.62
971,Tier 2,Executive,Non-Metro,49427.00,3.00,40.00,50.00,67402.38
972,Tier 1,Executive,Non-Metro,44122.00,4.00,85.00,34.00,69206.59
973,Tier 3,Executive,Non-Metro,45932.00,1.00,84.00,22.00,55399.38
974,Tier 1,Executive,Non-Metro,69670.00,2.00,62.00,19.00,64748.93
975,Tier 2,Executive,Metro,65207.00,4.00,61.00,26.00,67929.18
976,Tier 1,Manager,Metro,45354.00,3.00,72.00,29.00,74793.11
977,Tier 2,Executive,Metro,67339.00,1.00,37.00,48.00,69262.14
978,Tier 2,Executive,Metro,54440.00,1.00,53.00,26.00,61913.04
979,Tier 1,Executive,Non-Metro,63423.00,2.00,54.00,45.00,70907.55
980,Tier 2,Executive,Non-Metro,55621.00,1.00,57.00,36.00,63331.00
981,Tier 1,Executive,Metro,46432.00,3.00,61.00,54.00,102860.45
982,Tier 1,Executive,Metro,49513.00,1.00,84.00,34.00,69525.33
983,Tier 1,Manager,Metro,52918.00,4.00,61.00,31.00,82323.34
984,Tier 1,Executive,Non-Metro,51609.00,4.00,72.00,27.00,69498.18
985,Tier 1,Executive,Metro,58698.00,1.00,42.00,20.00,75139.44
986,Tier 1,Executive,Non-Metro,49215.00,1.00,35.00,44.00,66596.56
987,Tier 3,Executive,Metro,50665.00,3.00,42.00,43.00,66304.02
988,Tier 3,Executive,Non-Metro,49942.00,2.00,57.00,45.00,92925.38
989,Tier 1,Executive,Metro,59353.00,1.00,75.00,34.00,69939.63
990,Tier 1,Manager,Non-Metro,42342.00,2.00,37.00,24.00,70469.63
991,Tier 1,Executive,Non-Metro,43714.00,4.00,79.00,26.00,59175.73
992,Tier 1,Executive,Non-Metro,55163.00,4.00,67.00,38.00,79945.54
993,Tier 1,Executive,Non-Metro,52938.00,2.00,55.00,50.00,76461.93
994,Tier 2,Executive,Metro,55938.00,3.00,63.00,38.00,74774.90
995,Tier 3,Manager,Non-Metro,40365.00,3.00,54.00,27.00,68402.56
996,Tier 1,Executive,Non-Metro,51564.00,4.00,37.00,39.00,68158.59
997,Tier 1,Executive,Non-Metro,58789.00,3.00,73.00,39.00,78067.29
998,Tier 2,Executive,Non-Metro,58063.00,2.00,63.00,63.00,77986.30
999,Tier 1,Executive,Non-Metro,56799.00,2.00,56.00,33.00,62165.11
1000,Tier 3,Executive,Non-Metro,53629.00,4.00,68.00,36.00,69648.90
1001,Tier 3,Manager,Metro,45294.00,4.00,45.00,30.00,70944.17
1002,Tier 1,Manager,Metro,58036.00,2.00,83.00,24.00,92011.57
1003,Tier 1,Executive,Metro,54669.00,2.00,39.00,24.00,66673.19
1004,Tier 1,Executive,Metro,50452.00,3.00,42.00,48.00,91483.53
1005,Tier 1,Executive,Metro,45684.00,3.00,46.00,47.00,78841.27
1006,Tier 3,Executive,Metro,53872.00,4.00,56.00,29.00,70996.88
1007,Tier 1,Executive,Metro,53529.00,1.00,79.00,28.00,77430.40
1008,Tier 3,Manager,Metro,57125.00,2.00,81.00,47.00,89234.87
1009,Tier 1,Executive,Metro,45486.00,1.00,48.00,25.00,81681.11
1010,Tier 1,Executive,Metro,53134.00,2.00,68.00,51.00,80317.29
1011,Tier 1,Executive,Non-Metro,49260.00,4.00,78.00,48.00,76586.37
1012,Tier 2,Manager,Metro,49044.00,2.00,61.00,43.00,80955.45
1013,Tier 2,Executive,Non-Metro,60235.00,4.00,46.00,61.00,91425.96
1014,Tier 3,Executive,Metro,60813.00,3.00,65.00,48.00,67755.37
1015,Tier 1,Executive,Non-Metro,54218.00,4.00,42.00,38.00,74513.30
1016,Tier 3,Executive,Metro,50083.00,4.00,72.00,59.00,65942.45
1017,Tier 3,Executive,Non-Metro,44912.00,2.00,67.00,19.00,64200.50
1018,Tier 1,Executive,Non-Metro,57851.00,1.00,83.00,26.00,60930.67
1019,Tier 3,Executive,Non-Metro,57569.00,2.00,42.00,54.00,68285.69
1020,Tier 3,Executive,Non-Metro,58670.00,1.00,43.00,21.00,76976.49
1021,Tier 1,Executive,Metro,60290.00,1.00,53.00,51.00,81962.82
1022,Tier 2,Manager,Non-Metro,54753.00,1.00,61.00,22.00,91972.51
1023,Tier 2,Manager,Metro,65622.00,1.00,39.00,47.00,101451.11
1024,Tier 2,Executive,Metro,46183.00,2.00,52.00,18.00,67435.46
1025,Tier 2,Executive,Non-Metro,72661.00,3.00,74.00,47.00,70238.70
1026,Tier 1,Executive,Non-Metro,58601.00,1.00,75.00,21.00,66538.09
1027,Tier 3,Manager,Metro,53160.00,1.00,48.00,19.00,73791.03
1028,Tier 3,Executive,Metro,44074.00,1.00,67.00,23.00,85688.22
1029,Tier 1,Executive,Metro,57795.00,1.00,43.00,54.00,83521.22
1030,Tier 1,Executive,Non-Metro,42750.00,2.00,76.00,37.00,71368.60
1031,Tier 3,Manager,Non-Metro,52091.00,2.00,53.00,46.00,72988.21
1032,Tier 2,Manager,Non-Metro,56729.00,4.00,81.00,55.00,92360.49
1033,Tier 1,Executive,Non-Metro,49998.00,2.00,35.00,30.00,60154.54
1034,Tier 1,Manager,Metro,45634.00,3.00,71.00,18.00,77400.43
1035,Tier 3,Executive,Metro,59128.00,1.00,56.00,61.00,85083.58
1036,Tier 1,Executive,Non-Metro,47026.00,4.00,71.00,54.00,71084.32
1037,Tier 2,Manager,Metro,60268.00,3.00,78.00,22.00,86904.45
1038,Tier 3,Manager,Non-Metro,57970.00,4.00,44.00,45.00,100715.13
1039,Tier 1,Executive,Metro,55204.00,3.00,83.00,22.00,70290.10
1040,Tier 3,Executive,Metro,48698.00,1.00,51.00,19.00,78933.47
1041,Tier 3,Manager,Non-Metro,48779.00,1.00,79.00,35.00,69632.11
1042,Tier 1,Executive,Metro,51224.00,2.00,84.00,18.00,62549.33
1043,Tier 1,Manager,Metro,58035.00,1.00,64.00,20.00,86581.05
1044,Tier 1,Executive,Non-Metro,46857.00,2.00,39.00,28.00,59126.22
1045,Tier 1,Executive,Metro,57928.00,3.00,58.00,55.00,70711.33
1046,Tier 3,Manager,Non-Metro,48975.00,4.00,56.00,43.00,77684.11
1047,Tier 1,Executive,Non-Metro,46945.00,4.00,53.00,43.00,63095.42
1048,Tier 2,Manager,Metro,73214.00,4.00,57.00,22.00,100119.53
1049,Tier 3,Executive,Non-Metro,48934.00,3.00,73.00,25.00,58063.01
1050,Tier 1,Manager,Metro,59776.00,1.00,48.00,49.00,103831.72
1051,Tier 3,Executive,Non-Metro,65198.00,4.00,55.00,44.00,60870.90
1052,Tier 1,Executive,Metro,55202.00,1.00,56.00,64.00,74959.86
1053,Tier 1,Executive,Metro,54972.00,1.00,85.00,49.00,78075.42
1054,Tier 1,Manager,Metro,56927.00,2.00,79.00,47.00,93102.25
1055,Tier 3,Executive,Non-Metro,46207.00,3.00,71.00,27.00,60878.73
1056,Tier 3,Executive,Metro,54594.00,2.00,50.00,55.00,72363.85
1057,Tier 1,Executive,Non-Metro,55117.00,2.00,59.00,48.00,72943.17
1058,Tier 2,Executive,Non-Metro,53985.00,2.00,45.00,45.00,69523.02
1059,Tier 2,Executive,Non-Metro,61926.00,2.00,46.00,24.00,63313.76
1060,Tier 3,Executive,Metro,56184.00,4.00,58.00,32.00,66697.47
1061,Tier 2,Executive,Metro,56101.00,3.00,62.00,24.00,59041.08
1062,Tier 2,Executive,Metro,52401.00,3.00,48.00,57.00,73990.76
1063,Tier 2,Manager,Metro,61410.00,4.00,83.00,59.00,102928.71
1064,Tier 3,Executive,Metro,48638.00,1.00,54.00,36.00,68374.75
1065,Tier 1,Executive,Non-Metro,47527.00,2.00,77.00,29.00,58336.54
1066,Tier 1,Executive,Non-Metro,45405.00,1.00,78.00,42.00,73800.36
1067,Tier 2,Executive,Metro,62532.00,4.00,70.00,48.00,65021.82
1068,Tier 1,Executive,Metro,71760.00,4.00,40.00,39.00,71187.52
1069,Tier 3,Executive,Metro,46342.00,3.00,42.00,63.00,78936.19
1070,Tier 2,Executive,Non-Metro,53031.00,4.00,68.00,54.00,64318.12
1071,Tier 2,Manager,Metro,61439.00,2.00,56.00,37.00,101788.38
1072,Tier 1,Executive,Metro,55130.00,4.00,54.00,63.00,76329.43
1073,Tier 3,Executive,Metro,60214.00,3.00,59.00,21.00,62418.98
1074,Tier 1,Executive,Non-Metro,52854.00,4.00,52.00,54.00,76868.81
1075,Tier 1,Executive,Non-Metro,38765.00,4.00,72.00,60.00,80489.55
1076,Tier 2,Executive,Non-Metro,56405.00,4.00,71.00,32.00,60035.10
1077,Tier 1,Executive,Non-Metro,58805.00,1.00,36.00,47.00,74280.30
1078,Tier 1,Executive,Metro,52168.00,2.00,40.00,21.00,70571.96
1079,Tier 2,Manager,Metro,59767.00,2.00,37.00,28.00,98977.14
1080,Tier 2,Executive,Metro,54644.00,2.00,40.00,63.00,74059.06
1081,Tier 2,Executive,Metro,49891.00,4.00,75.00,18.00,66862.46
1082,Tier 3,Executive,Metro,49405.00,2.00,76.00,32.00,62673.14
1083,Tier 3,Executive,Metro,46596.00,1.00,49.00,38.00,61931.25
1084,Tier 1,Executive,Metro,55954.00,1.00,67.00,32.00,75850.13
1085,Tier 3,Executive,Non-Metro,53647.00,4.00,64.00,62.00,74474.82
1086,Tier 1,Manager,Non-Metro,42415.00,3.00,65.00,39.00,77673.62
1087,Tier 1,Executive,Metro,50550.00,3.00,78.00,55.00,79909.33
1088,Tier 3,Executive,Metro,51700.00,1.00,37.00,57.00,81569.98
1089,Tier 2,Executive,Metro,76815.00,4.00,75.00,52.00,82684.17
1090,Tier 1,Executive,Metro,42916.00,2.00,66.00,56.00,77490.53
1091,Tier 2,Manager,Metro,60526.00,2.00,51.00,47.00,89985.17
1092,Tier 1,Executive,Non-Metro,50140.00,2.00,42.00,55.00,77386.51
1093,Tier 1,Executive,Metro,53962.00,1.00,58.00,23.00,79568.27
1094,Tier 3,Manager,Non-Metro,60155.00,1.00,64.00,22.00,90213.45
1095,Tier 1,Executive,Non-Metro,55621.00,2.00,51.00,50.00,71706.60
1096,Tier 1,Executive,Non-Metro,52670.00,3.00,76.00,18.00,65619.70
1097,Tier 1,Manager,Non-Metro,61692.00,4.00,53.00,51.00,110792.78
1098,Tier 2,Executive,Metro,55209.00,1.00,84.00,22.00,62356.93
1099,Tier 1,Executive,Non-Metro,57955.00,2.00,55.00,52.00,76674.92
1100,Tier 2,Executive,Non-Metro,55133.00,3.00,68.00,25.00,67971.72
1101,Tier 1,Manager,Non-Metro,45664.00,3.00,39.00,33.00,69528.36
1102,Tier 1,Executive,Metro,49258.00,3.00,37.00,53.00,82986.23
1103,Tier 2,Executive,Metro,67454.00,2.00,84.00,29.00,69643.69
1104,Tier 2,Executive,Metro,65689.00,3.00,36.00,58.00,80505.46
1105,Tier 1,Executive,Metro,58428.00,3.00,65.00,37.00,80805.33
1106,Tier 2,Executive,Non-Metro,56828.00,4.00,48.00,54.00,71673.46
1107,Tier 3,Executive,Non-Metro,58460.00,2.00,41.00,49.00,72681.75
1108,Tier 3,Executive,Non-Metro,50281.00,3.00,51.00,50.00,63263.77
1109,Tier 1,Executive,Metro,54657.00,1.00,71.00,26.00,65020.47
1110,Tier 2,Executive,Metro,47867.00,4.00,39.00,45.00,76955.95
1111,Tier 1,Executive,Non-Metro,57924.00,1.00,43.00,54.00,73395.49
1112,Tier 2,Manager,Metro,58912.00,3.00,85.00,38.00,103944.32
1113,Tier 2,Manager,Non-Metro,52752.00,3.00,35.00,48.00,72549.47
1114,Tier 3,Executive,Non-Metro,49279.00,1.00,76.00,28.00,59191.67
1115,Tier 1,Executive,Metro,52642.00,1.00,85.00,23.00,66869.52
1116,Tier 2,Executive,Metro,60253.00,3.00,58.00,55.00,69106.06
1117,Tier 1,Executive,Metro,57597.00,2.00,52.00,41.00,68679.91
1118,Tier 2,Manager,Metro,56103.00,1.00,66.00,25.00,95083.43
1119,Tier 2,Manager,Metro,65653.00,4.00,49.00,33.00,94368.83
1120,Tier 3,Executive,Non-Metro,49231.00,1.00,49.00,30.00,63816.55
1121,Tier 1,Manager,Non-Metro,58772.00,4.00,56.00,23.00,93127.08
1122,Tier 2,Executive,Metro,65684.00,2.00,79.00,46.00,65882.77
1123,Tier 3,Manager,Non-Metro,63609.00,1.00,47.00,53.00,109221.39
1124,Tier 1,Executive,Non-Metro,56990.00,3.00,58.00,27.00,86557.85
1125,Tier 1,Manager,Non-Metro,67772.00,1.00,38.00,23.00,90785.90
1126,Tier 3,Executive,Non-Metro,49925.00,4.00,64.00,63.00,64951.65
1127,Tier 1,Executive,Metro,58284.00,1.00,40.00,55.00,79183.24
1128,Tier 2,Executive,Non-Metro,63979.00,4.00,42.00,35.00,67563.06
1129,Tier 1,Executive,Metro,55342.00,2.00,63.00,34.00,80572.82
1130,Tier 1,Executive,Non-Metro,47766.00,1.00,82.00,19.00,67185.00
1131,Tier 2,Executive,Non-Metro,51176.00,1.00,58.00,39.00,59186.89
1132,Tier 1,Executive,Metro,74256.00,2.00,40.00,27.00,83023.18
1133,Tier 1,Executive,Metro,68071.00,3.00,85.00,57.00,88690.87
1134,Tier 3,Executive,Non-Metro,43991.00,3.00,63.00,52.00,65742.89
1135,Tier 3,Executive,Metro,56932.00,3.00,60.00,28.00,76261.61
1136,Tier 3,Executive,Non-Metro,56426.00,1.00,70.00,50.00,67726.88
1137,Tier 1,Executive,Non-Metro,54155.00,3.00,70.00,44.00,78630.03
1138,Tier 3,Executive,Non-Metro,43851.00,1.00,65.00,26.00,54865.59
1139,Tier 2,Executive,Metro,56122.00,1.00,54.00,33.00,64557.84
1140,Tier 3,Manager,Non-Metro,55131.00,2.00,42.00,19.00,93178.19
1141,Tier 2,Executive,Metro,57751.00,1.00,48.00,50.00,78378.46
1142,Tier 1,Executive,Non-Metro,58653.00,4.00,66.00,41.00,80073.57
1143,Tier 2,Executive,Non-Metro,49004.00,1.00,69.00,52.00,89751.35
1144,Tier 2,Executive,Metro,56930.00,3.00,74.00,39.00,66943.47
1145,Tier 1,Executive,Metro,54247.00,1.00,49.00,50.00,85719.27
1146,Tier 3,Executive,Metro,58582.00,1.00,68.00,52.00,71322.55
1147,Tier 1,Manager,Metro,61709.00,4.00,39.00,60.00,117207.24
1148,Tier 3,Executive,Non-Metro,58409.00,4.00,37.00,20.00,56691.33
1149,Tier 1,Executive,Metro,49158.00,1.00,54.00,55.00,85505.19
1150,Tier 1,Executive,Metro,63379.00,3.00,58.00,42.00,69885.18
1151,Tier 1,Executive,Non-Metro,56008.00,2.00,68.00,18.00,64849.34
1152,Tier 3,Executive,Non-Metro,60357.00,3.00,46.00,58.00,80065.96
1153,Tier 2,Manager,Non-Metro,55592.00,4.00,79.00,43.00,93020.09
1154,Tier 3,Executive,Non-Metro,56240.00,3.00,61.00,35.00,68760.12
1155,Tier 3,Executive,Non-Metro,51556.00,4.00,84.00,48.00,70431.03
1156,Tier 1,Executive,Non-Metro,49213.00,1.00,82.00,36.00,68388.95
1157,Tier 2,Manager,Metro,65184.00,4.00,82.00,19.00,99052.84
1158,Tier 3,Executive,Non-Metro,45171.00,3.00,52.00,23.00,67097.18
1159,Tier 1,Executive,Non-Metro,57913.00,2.00,83.00,20.00,55293.75
1160,Tier 1,Executive,Non-Metro,61365.00,4.00,78.00,32.00,63147.41
1161,Tier 3,Executive,Non-Metro,58243.00,1.00,66.00,43.00,61544.46
1162,Tier 2,Executive,Metro,66309.00,1.00,75.00,34.00,64938.37
1163,Tier 2,Executive,Metro,64922.00,2.00,51.00,30.00,90181.89
1164,Tier 1,Executive,Non-Metro,56749.00,1.00,37.00,18.00,61767.79
1165,Tier 3,Executive,Non-Metro,53798.00,2.00,44.00,41.00,70241.22
1166,Tier 1,Executive,Non-Metro,46468.00,1.00,74.00,35.00,70966.30
1167,Tier 2,Executive,Metro,65405.00,4.00,45.00,57.00,78163.11
1168,Tier 1,Executive,Non-Metro,54254.00,2.00,60.00,29.00,61216.81
1169,Tier 1,Executive,Metro,62951.00,3.00,50.00,32.00,74365.36
1170,Tier 3,Executive,Non-Metro,64066.00,4.00,64.00,37.00,69326.09
1171,Tier 1,Manager,Metro,51461.00,3.00,74.00,18.00,72709.86
1172,Tier 1,Manager,Non-Metro,49699.00,3.00,84.00,43.00,78721.30
1173,Tier 2,Executive,Non-Metro,63663.00,4.00,44.00,56.00,64125.56
1174,Tier 3,Executive,Metro,53866.00,3.00,40.00,38.00,72441.01
1175,Tier 3,Executive,Metro,55074.00,3.00,79.00,29.00,67749.39
1176,Tier 1,Executive,Non-Metro,50177.00,3.00,58.00,22.00,60864.10
1177,Tier 3,Manager,Non-Metro,50204.00,4.00,49.00,52.00,69110.75
1178,Tier 1,Executive,Non-Metro,54135.00,2.00,70.00,40.00,58680.23
1179,Tier 1,Executive,Non-Metro,63207.00,2.00,84.00,23.00,71112.14
1180,Tier 2,Manager,Metro,50297.00,2.00,39.00,31.00,67527.15
1181,Tier 1,Executive,Non-Metro,67699.00,2.00,81.00,42.00,80017.56
1182,Tier 3,Executive,Non-Metro,53635.00,4.00,61.00,24.00,66094.08
1183,Tier 1,Executive,Non-Metro,57135.00,2.00,62.00,25.00,61164.74
1184,Tier 1,Executive,Non-Metro,54256.00,4.00,83.00,48.00,68986.00
1185,Tier 2,Manager,Non-Metro,56796.00,3.00,81.00,23.00,78555.43
1186,Tier 1,Executive,Metro,50007.00,4.00,35.00,45.00,69125.34
1187,Tier 3,Manager,Metro,56229.00,3.00,76.00,20.00,101915.60
1188,Tier 3,Executive,Non-Metro,54621.00,2.00,52.00,62.00,74204.19
1189,Tier 1,Manager,Non-Metro,46454.00,2.00,44.00,43.00,80042.53
1190,Tier 1,Executive,Non-Metro,52886.00,2.00,60.00,23.00,71190.67
1191,Tier 3,Executive,Non-Metro,60025.00,2.00,54.00,31.00,71258.48
1192,Tier 1,Executive,Non-Metro,49743.00,4.00,63.00,41.00,77869.10
1193,Tier 1,Executive,Non-Metro,60429.00,1.00,35.00,58.00,88297.22
1194,Tier 3,Executive,Non-Metro,65477.00,2.00,36.00,48.00,63825.21
1195,Tier 3,Executive,Non-Metro,42093.00,3.00,46.00,31.00,63799.66
1196,Tier 3,Executive,Non-Metro,54529.00,1.00,77.00,19.00,80699.82
1197,Tier 3,Manager,Non-Metro,58513.00,3.00,84.00,19.00,96121.86
1198,Tier 2,Executive,Metro,58339.00,3.00,49.00,41.00,70172.65
1199,Tier 3,Executive,Metro,59279.00,2.00,52.00,40.00,73150.11
1200,Tier 1,Executive,Non-Metro,51921.00,1.00,35.00,31.00,73183.35
1201,Tier 3,Executive,Metro,52761.00,2.00,41.00,37.00,64003.57
1202,Tier 3,Executive,Metro,65318.00,3.00,72.00,46.00,67462.73
1203,Tier 3,Executive,Metro,57269.00,2.00,80.00,22.00,65914.62
1204,Tier 1,Executive,Metro,55593.00,1.00,82.00,51.00,74420.60
1205,Tier 2,Manager,Non-Metro,53100.00,3.00,59.00,18.00,78046.30
1206,Tier 3,Executive,Metro,41628.00,1.00,76.00,35.00,62015.95
1207,Tier 1,Executive,Non-Metro,61245.00,4.00,47.00,59.00,95876.25
1208,Tier 1,Manager,Metro,62568.00,2.00,39.00,36.00,94030.29
1209,Tier 1,Manager,Non-Metro,48402.00,4.00,47.00,37.00,81043.15
1210,Tier 1,Executive,Metro,58434.00,4.00,65.00,59.00,70821.12
1211,Tier 3,Executive,Metro,54097.00,2.00,37.00,36.00,76870.60
1212,Tier 2,Executive,Metro,63767.00,3.00,35.00,39.00,92160.40
1213,Tier 1,Executive,Metro,50441.00,1.00,84.00,18.00,66181.93
1214,Tier 1,Executive,Non-Metro,55296.00,4.00,43.00,52.00,69732.87
1215,Tier 3,Executive,Non-Metro,53330.00,4.00,39.00,27.00,61239.85
1216,Tier 1,Executive,Metro,66173.00,3.00,52.00,18.00,84956.21
1217,Tier 2,Executive,Metro,52744.00,4.00,80.00,40.00,67304.59
1218,Tier 2,Executive,Metro,61383.00,4.00,61.00,29.00,67320.63
1219,Tier 1,Manager,Non-Metro,60448.00,4.00,60.00,46.00,112779.40
1220,Tier 3,Executive,Non-Metro,55152.00,1.00,35.00,38.00,63921.31
1221,Tier 1,Executive,Non-Metro,42355.00,3.00,76.00,30.00,64636.87
1222,Tier 2,Executive,Metro,53884.00,1.00,63.00,40.00,73543.94
1223,Tier 2,Executive,Metro,49963.00,2.00,46.00,50.00,74265.14
1224,Tier 2,Manager,Non-Metro,53902.00,3.00,47.00,20.00,90466.74
1225,Tier 1,Executive,Metro,44974.00,2.00,61.00,41.00,62808.80
1226,Tier 2,Executive,Non-Metro,61732.00,1.00,66.00,33.00,60602.08
1227,Tier 1,Executive,Metro,42170.00,1.00,52.00,38.00,65191.42
1228,Tier 2,Executive,Metro,62831.00,3.00,85.00,42.00,70825.24
1229,Tier 2,Executive,Metro,57686.00,4.00,65.00,56.00,74778.09
1230,Tier 1,Executive,Metro,57254.00,1.00,70.00,58.00,71638.60
1231,Tier 3,Manager,Metro,60298.00,1.00,47.00,52.00,123416.99
1232,Tier 1,Manager,Non-Metro,47335.00,2.00,52.00,20.00,73270.92
1233,Tier 3,Executive,Non-Metro,54452.00,3.00,40.00,54.00,65218.69
1234,Tier 1,Executive,Metro,49086.00,4.00,80.00,58.00,78946.57
1235,Tier 2,Executive,Non-Metro,57475.00,4.00,64.00,45.00,72715.72
1236,Tier 3,Executive,Metro,60056.00,3.00,68.00,26.00,57304.09
1237,Tier 1,Executive,Non-Metro,42227.00,4.00,62.00,63.00,74288.12
1238,Tier 3,Executive,Non-Metro,51636.00,3.00,77.00,58.00,62720.14
1239,Tier 1,Executive,Metro,52099.00,4.00,49.00,37.00,66978.72
1240,Tier 2,Executive,Non-Metro,64898.00,1.00,65.00,25.00,53486.69
1241,Tier 2,Manager,Metro,67907.00,2.00,74.00,52.00,113508.80
1242,Tier 2,Manager,Metro,62908.00,4.00,41.00,64.00,107149.02
1243,Tier 3,Executive,Non-Metro,50268.00,4.00,37.00,22.00,62997.46
1244,Tier 2,Executive,Non-Metro,55183.00,2.00,78.00,28.00,64495.67
1245,Tier 2,Executive,Metro,61183.00,4.00,67.00,18.00,60461.93
1246,Tier 1,Executive,Metro,45023.00,2.00,39.00,28.00,65800.20
1247,Tier 1,Executive,Non-Metro,52364.00,3.00,77.00,45.00,65458.44
1248,Tier 1,Executive,Metro,55788.00,3.00,70.00,33.00,79389.33
1249,Tier 2,Executive,Non-Metro,69032.00,4.00,46.00,18.00,56675.95
1250,Tier 1,Manager,Metro,59439.00,1.00,77.00,32.00,108591.11
1251,Tier 1,Manager,Metro,53547.00,3.00,82.00,24.00,88400.48
1252,Tier 1,Executive,Metro,40996.00,3.00,37.00,19.00,74415.20
1253,Tier 1,Manager,Metro,48796.00,4.00,85.00,20.00,77569.74
1254,Tier 1,Executive,Non-Metro,56829.00,4.00,74.00,40.00,81195.86
1255,Tier 2,Executive,Non-Metro,54748.00,1.00,68.00,34.00,69403.41
1256,Tier 1,Executive,Non-Metro,60337.00,1.00,37.00,42.00,71376.42
1257,Tier 3,Executive,Non-Metro,59176.00,3.00,35.00,51.00,67273.98
1258,Tier 3,Executive,Non-Metro,55672.00,1.00,43.00,54.00,71726.71
1259,Tier 3,Executive,Metro,63448.00,2.00,76.00,55.00,94510.73
1260,Tier 1,Executive,Non-Metro,50429.00,2.00,41.00,52.00,75993.47
1261,Tier 1,Executive,Non-Metro,41989.00,4.00,48.00,32.00,62216.45
1262,Tier 1,Executive,Metro,63087.00,1.00,66.00,28.00,70052.79
1263,Tier 2,Executive,Non-Metro,50400.00,4.00,76.00,41.00,62229.29
1264,Tier 1,Executive,Non-Metro,50106.00,2.00,66.00,43.00,71532.81
1265,Tier 1,Executive,Non-Metro,59860.00,2.00,54.00,49.00,78562.35
1266,Tier 2,Manager,Metro,44965.00,2.00,77.00,64.00,83414.05
1267,Tier 1,Executive,Non-Metro,55558.00,4.00,68.00,55.00,66632.83
1268,Tier 1,Manager,Metro,57337.00,3.00,76.00,24.00,88044.35
1269,Tier 1,Executive,Non-Metro,55210.00,1.00,80.00,20.00,62180.74
1270,Tier 1,Executive,Metro,51416.00,1.00,84.00,45.00,73874.70
1271,Tier 3,Executive,Metro,55875.00,4.00,76.00,26.00,67488.08
1272,Tier 3,Executive,Non-Metro,58333.00,1.00,38.00,25.00,66935.07
1273,Tier 2,Executive,Metro,46631.00,2.00,56.00,43.00,69919.87
1274,Tier 2,Executive,Metro,47633.00,2.00,62.00,35.00,63618.80
1275,Tier 2,Manager,Metro,47460.00,4.00,82.00,26.00,74837.72
1276,Tier 1,Executive,Metro,50315.00,2.00,46.00,57.00,77795.34
1277,Tier 1,Executive,Non-Metro,54384.00,1.00,76.00,22.00,74948.17
1278,Tier 3,Executive,Non-Metro,59354.00,4.00,72.00,32.00,60200.18
1279,Tier 1,Manager,Metro,52881.00,3.00,57.00,39.00,87630.95
1280,Tier 3,Executive,Non-Metro,56763.00,3.00,38.00,25.00,58983.46
1281,Tier 2,Executive,Non-Metro,61870.00,1.00,42.00,48.00,65467.76
1282,Tier 3,Manager,Non-Metro,55180.00,2.00,73.00,47.00,79153.15
1283,Tier 1,Manager,Non-Metro,50723.00,1.00,59.00,18.00,80841.08
1284,Tier 2,Executive,Metro,53125.00,1.00,42.00,18.00,60333.57
1285,Tier 1,Manager,Metro,65519.00,3.00,55.00,61.00,117307.70
1286,Tier 1,Executive,Non-Metro,54005.00,1.00,78.00,47.00,72128.86
1287,Tier 1,Executive,Non-Metro,41862.00,2.00,41.00,28.00,65494.51
1288,Tier 1,Executive,Non-Metro,52694.00,1.00,36.00,36.00,68185.43
1289,Tier 1,Manager,Metro,66148.00,2.00,41.00,20.00,111739.65
1290,Tier 2,Executive,Metro,64193.00,1.00,78.00,44.00,75081.97
1291,Tier 1,Executive,Non-Metro,44023.00,3.00,53.00,38.00,62231.54
1292,Tier 1,Manager,Metro,62788.00,4.00,55.00,19.00,89010.90
1293,Tier 2,Executive,Metro,52880.00,1.00,64.00,21.00,60310.88
1294,Tier 3,Executive,Metro,47404.00,4.00,66.00,46.00,68071.37
1295,Tier 1,Executive,Metro,53042.00,3.00,83.00,58.00,84687.72
1296,Tier 1,Executive,Metro,50887.00,4.00,37.00,20.00,63597.09
1297,Tier 1,Executive,Metro,52604.00,3.00,82.00,18.00,75098.22
1298,Tier 2,Executive,Non-Metro,53239.00,4.00,78.00,28.00,67381.61
1299,Tier 3,Executive,Metro,51444.00,2.00,42.00,33.00,67500.55
1300,Tier 3,Executive,Non-Metro,54855.00,3.00,53.00,19.00,60631.23
1301,Tier 2,Manager,Metro,59883.00,4.00,40.00,45.00,119585.49
1302,Tier 3,Manager,Metro,58204.00,4.00,36.00,62.00,101108.86
1303,Tier 1,Executive,Non-Metro,50670.00,1.00,41.00,25.00,68130.72
1304,Tier 1,Manager,Metro,53045.00,3.00,47.00,43.00,105077.70
1305,Tier 1,Manager,Metro,47753.00,4.00,73.00,42.00,90597.18
1306,Tier 2,Executive,Non-Metro,49240.00,2.00,67.00,24.00,60020.13
1307,Tier 1,Manager,Non-Metro,47842.00,1.00,77.00,29.00,83103.77
1308,Tier 3,Manager,Metro,49427.00,1.00,82.00,32.00,86755.79
1309,Tier 1,Manager,Non-Metro,54876.00,3.00,82.00,25.00,90608.41
1310,Tier 1,Executive,Metro,55179.00,4.00,54.00,41.00,72895.67
1311,Tier 3,Executive,Metro,47650.00,2.00,49.00,42.00,72634.98
1312,Tier 3,Executive,Non-Metro,52669.00,2.00,84.00,33.00,66633.06
1313,Tier 1,Executive,Metro,64069.00,2.00,40.00,34.00,76812.81
1314,Tier 1,Manager,Non-Metro,56004.00,1.00,69.00,19.00,92433.88
1315,Tier 3,Manager,Non-Metro,46000.00,4.00,64.00,30.00,63148.62
1316,Tier 1,Executive,Metro,50518.00,3.00,75.00,18.00,82046.23
1317,Tier 1,Executive,Non-Metro,50130.00,2.00,40.00,19.00,54356.95
1318,Tier 2,Executive,Metro,76070.00,2.00,54.00,18.00,58309.56
1319,Tier 1,Executive,Metro,60495.00,3.00,47.00,35.00,84676.05
1320,Tier 3,Executive,Non-Metro,50935.00,2.00,67.00,39.00,66054.39
1321,Tier 3,Executive,Metro,60109.00,2.00,47.00,31.00,61396.48
1322,Tier 1,Manager,Metro,55145.00,4.00,38.00,62.00,82190.52
1323,Tier 2,Executive,Metro,62619.00,1.00,77.00,62.00,71767.67
1324,Tier 2,Manager,Non-Metro,61299.00,4.00,72.00,42.00,103103.64
1325,Tier 3,Executive,Metro,47058.00,4.00,53.00,31.00,62076.85
1326,Tier 1,Executive,Metro,59344.00,1.00,64.00,61.00,84601.54
1327,Tier 1,Executive,Non-Metro,61239.00,4.00,85.00,42.00,69545.88
1328,Tier 2,Executive,Metro,57311.00,3.00,54.00,51.00,66931.93
1329,Tier 1,Executive,Non-Metro,47080.00,4.00,66.00,23.00,84688.33
1330,Tier 1,Executive,Metro,59189.00,4.00,45.00,52.00,82670.85
1331,Tier 2,Executive,Non-Metro,46452.00,4.00,83.00,57.00,70993.97
1332,Tier 1,Executive,Non-Metro,58254.00,4.00,42.00,23.00,73463.16
1333,Tier 1,Executive,Non-Metro,72649.00,3.00,69.00,52.00,78861.46
1334,Tier 3,Executive,Metro,59661.00,4.00,68.00,50.00,69712.40
1335,Tier 1,Executive,Non-Metro,53714.00,1.00,67.00,18.00,69298.75
1336,Tier 2,Executive,Non-Metro,61957.00,1.00,47.00,18.00,66397.77
1337,Tier 1,Executive,Non-Metro,53203.00,3.00,69.00,21.00,64044.38
1338,Tier 3,Manager,Non-Metro,51820.00,1.00,47.00,61.00,83346.06
